<?xml version="1.0"?>
<schema lang="russian">
	<class name="noun"/>
	<class name="verb"/>
	<class name="adjective"/>
	<class name="adverb"/>
	<class name="conjunction"/>
	<class name="expression"/>
	<class name="preposition"/>
	<class name="interjection"/>
	<attribute name="nominative" classes="noun"/>
	<attribute name="accusative" classes="noun"/>
	<attribute name="genitive" classes="noun"/>
	<attribute name="dative" classes="noun"/>
	<attribute name="instrumental" classes="noun"/>
	<attribute name="prepositional" classes="noun"/>
	<attribute name="locative" classes="noun"/>
	<attribute name="partitive" classes="noun"/>
	<attribute name="vocative" classes="noun"/>
	<attribute name="perfective" classes="verb"/>
	<attribute name="imperfective" classes="verb"/>
	<attribute name="adjpred" classes="adjective"/>
	<attribute name="adjattr" classes="adjective"/>
</schema>

