<?xml version="1.0"?>
<schema lang="Swedish">
	<class name="noun"/>
	<class name="verb"/>
	<class name="adjective"/>
	<class name="adverb"/>
	<class name="conjunction"/>
	<class name="expression"/>
	<class name="preposition"/>
	<class name="interjection"/>
	<attribute name="prest" classes="verb" group="conjugation"/>
	<attribute name="pastt" classes="verb" group="conjugation"/>
	<attribute name="supine" classes="verb" group="conjugation"/>
	<attribute name="pastp" classes="verb" group="conjugation"/>
</schema>

