<?xml version="1.0"?>
<schema lang="spanish">
	<class name="noun"/>
	<class name="verb"/>
	<class name="pron"/>
	<class name="adjective"/>
	<class name="adverb"/>
	<class name="numeral"/>
	<class name="conjunction"/>
	<class name="expression"/>
	<class name="preposition"/>
	<class name="interjection"/>
	<class name="phrase"/>

	<attribute name="gender" classes="noun">
		<choice name="feminine"/>
		<choice name="masculine"/>
	</attribute>

	<attribute name="comparative" classes="adjective;adverb" group="comparison"/>
	<attribute name="superlative" classes="adjective;adverb" group="comparison"/>

	<attribute name="grdv" classes="verb" group="grdv"/>
	<attribute name="pastp" classes="verb" group="pastp"/>

	<attribute name="pres_sg_1st" classes="verb" group="prest"/>
	<attribute name="pres_sg_2nd" classes="verb" group="prest"/>
	<attribute name="pres_sg_3rd" classes="verb" group="prest"/>
	<attribute name="pres_pl_1st" classes="verb" group="prest"/>
	<attribute name="pres_pl_2nd" classes="verb" group="prest"/>
	<attribute name="pres_pl_3rd" classes="verb" group="prest"/>

	<attribute name="imp_sg_1st" classes="verb" group="imperfect"/>
	<attribute name="imp_sg_2nd" classes="verb" group="imperfect"/>
	<attribute name="imp_sg_3rd" classes="verb" group="imperfect"/>
	<attribute name="imp_pl_1st" classes="verb" group="imperfect"/>
	<attribute name="imp_pl_2nd" classes="verb" group="imperfect"/>
	<attribute name="imp_pl_3rd" classes="verb" group="imperfect"/>

	<attribute name="pret_sg_1st" classes="verb" group="pret_past"/>
	<attribute name="pret_sg_2nd" classes="verb" group="pret_past"/>
	<attribute name="pret_sg_3rd" classes="verb" group="pret_past"/>
	<attribute name="pret_pl_1st" classes="verb" group="pret_past"/>
	<attribute name="pret_pl_2nd" classes="verb" group="pret_past"/>
	<attribute name="pret_pl_3rd" classes="verb" group="pret_past"/>

	<attribute name="fut_sg_1st" classes="verb" group="futur"/>
	<attribute name="fut_sg_2nd" classes="verb" group="futur"/>
	<attribute name="fut_sg_3rd" classes="verb" group="futur"/>
	<attribute name="fut_pl_1st" classes="verb" group="futur"/>
	<attribute name="fut_pl_2nd" classes="verb" group="futur"/>
	<attribute name="fut_pl_3rd" classes="verb" group="futur"/>

	<attribute name="cond_sg_1st" classes="verb" group="condform"/>
	<attribute name="cond_sg_2nd" classes="verb" group="condform"/>
	<attribute name="cond_sg_3rd" classes="verb" group="condform"/>
	<attribute name="cond_pl_1st" classes="verb" group="condform"/>
	<attribute name="cond_pl_2nd" classes="verb" group="condform"/>
	<attribute name="cond_pl_3rd" classes="verb" group="condform"/>

	<attribute name="imperativ_sg_2nd" classes="verb" group="imperative"/>
	<attribute name="imperativ_sg_3nd" classes="verb" group="imperative"/>
	<attribute name="imperativ_pl_1st" classes="verb" group="imperative"/>
	<attribute name="imperativ_pl_2nd" classes="verb" group="imperative"/>
	<attribute name="imperativ_pl_3nd" classes="verb" group="imperative"/>

	<attribute name="pres_sub_sg_1st" classes="verb" group="pres_sub"/>
	<attribute name="pres_sub_sg_2nd" classes="verb" group="pres_sub"/>
	<attribute name="pres_sub_sg_3rd" classes="verb" group="pres_sub"/>
	<attribute name="pres_sub_pl_1st" classes="verb" group="pres_sub"/>
	<attribute name="pres_sub_pl_2nd" classes="verb" group="pres_sub"/>
	<attribute name="pres_sub_pl_3rd" classes="verb" group="pres_sub"/>

	<attribute name="imp_sub_sg_1st" classes="verb" group="imp_sub"/>
	<attribute name="imp_sub_sg_2nd" classes="verb" group="imp_sub"/>
	<attribute name="imp_sub_sg_3rd" classes="verb" group="imp_sub"/>
	<attribute name="imp_sub_pl_1st" classes="verb" group="imp_sub"/>
	<attribute name="imp_sub_pl_2nd" classes="verb" group="imp_sub"/>
	<attribute name="imp_sub_pl_3rd" classes="verb" group="imp_sub"/>

	<attribute name="fut_sub_sg_1st" classes="verb" group="fut_sub"/>
	<attribute name="fut_sub_sg_2nd" classes="verb" group="fut_sub"/>
	<attribute name="fut_sub_sg_3rd" classes="verb" group="fut_sub"/>
	<attribute name="fut_sub_pl_1st" classes="verb" group="fut_sub"/>
	<attribute name="fut_sub_pl_2nd" classes="verb" group="fut_sub"/>
	<attribute name="fut_sub_pl_3rd" classes="verb" group="fut_sub"/>
</schema>


