<?xml version="1.0" encoding="UTF-8"?>
<info>
	<name>jVLT - Vocabulary Learning Tool</name>
	<version>@VERSION@</version>
	<data-version>1.4</data-version>
	<developers>
		<person>
			<name>Henning Burchardt</name>
			<e-mail>
				<local-part>burchardt</local-part>
				<domain>users.sourceforge.net</domain>
			</e-mail>
			<role>Developer</role>
		</person>
		<person>
			<name>Christian Hennigfeld</name>
			<e-mail>
				<local-part>thrar</local-part>
				<domain>users.sourceforge.net</domain>
			</e-mail>
			<role>Developer</role>
		</person>
	</developers>
	<translators>
		<person>
			<name>Vít Profant</name>
			<e-mail>
				<local-part>vit.profant</local-part>
				<domain>gmail.com</domain>
			</e-mail>
			<role>Czech translation</role>
		</person>
		<person>
			<name>Stéphane Lelaure</name>
			<e-mail>
				<local-part>misterel</local-part>
				<domain>users.sourceforge.net</domain>
			</e-mail>
			<role>French translation</role>
		</person>
		<person>
			<name>Jaroslaw Rosiek</name>
			<e-mail>
				<local-part>jaroslaw.rosiek</local-part>
				<domain>interia.pl</domain>
			</e-mail>
			<role>Polish translation</role>
		</person>
		<person>
			<name>Djavan Fagundes</name>
			<e-mail>
				<local-part>djavan</local-part>
				<domain>comum.org</domain>
			</e-mail>
			<role>Brazilian Portuguese translation</role>
		</person>
	</translators>
	<contributors>
		<person>
			<name>Cristian Klein</name>
			<e-mail>
				<local-part>cristiklein</local-part>
				<domain>gmail.com</domain>
			</e-mail>
			<role>Patch writer</role>
		</person>
		<person>
			<name>Gregor Klinke</name>
			<e-mail>
				<local-part>eyestep</local-part>
				<domain>users.sourceforge.net</domain>
			</e-mail>
			<role>Mac OS X support</role>
		</person>
		<person>
			<name>Guy Leavitt</name>
			<e-mail>
				<local-part>camatkara</local-part>
				<domain>users.sourceforge.net</domain>
			</e-mail>
			<role>Sanskrit language support</role>
		</person>
		<person>
			<name>Miroslav Novotný</name>
			<e-mail>
				<local-part>miroslav.novotny</local-part>
				<domain>runbox.com</domain>
			</e-mail>
			<role>Patch writer</role>
		</person>
		<person>
			<name>Vlad Mihai Sima</name>
			<e-mail>
				<local-part>vladmihaisima</local-part>
				<domain>users.sourceforge.net</domain>
			</e-mail>
			<role>Patch writer</role>
		</person>
	</contributors>
	<language name="chinese"/>
	<language name="english"/>
	<language name="french"/>
	<language name="german"/>
	<language name="greek"/>
	<language name="japanese"/>
	<language name="russian"/>
	<language name="sanskrit"/>
	<language name="serbian"/>
	<language name="spanish"/>
	<language name="swedish"/>
</info>

