<?xml version='1.0' encoding='UTF-8' standalone='no'?>
<doxygen xmlns:xsi="http://www.w3.org/2001/XMLSchema-instance" xsi:noNamespaceSchemaLocation="compound.xsd" version="1.9.1" xml:lang="en-US">
  <compounddef id="basic__operation_8java" kind="file" language="Java">
    <compoundname>basic_operation.java</compoundname>
    <innerclass refid="classcom_1_1calculator_1_1app_1_1method_1_1basic__operation" prot="public">com::calculator::app::method::basic_operation</innerclass>
    <innernamespace refid="namespacecom_1_1calculator_1_1app_1_1method">com::calculator::app::method</innernamespace>
    <briefdescription>
    </briefdescription>
    <detaileddescription>
    </detaileddescription>
    <programlisting>
<codeline lineno="1" refid="namespacecom_1_1calculator_1_1app_1_1method" refkind="compound"><highlight class="keyword">package<sp/></highlight><highlight class="normal">com.calculator.app.method;</highlight></codeline>
<codeline lineno="2"><highlight class="normal"></highlight></codeline>
<codeline lineno="3"><highlight class="normal"></highlight><highlight class="keyword">import</highlight><highlight class="normal"><sp/>com.calculator.app.init.Main;</highlight></codeline>
<codeline lineno="4"><highlight class="normal"></highlight></codeline>
<codeline lineno="5" refid="classcom_1_1calculator_1_1app_1_1method_1_1basic__operation" refkind="compound"><highlight class="normal"></highlight><highlight class="keyword">public</highlight><highlight class="normal"><sp/></highlight><highlight class="keyword">class<sp/></highlight><highlight class="normal"><ref refid="classcom_1_1calculator_1_1app_1_1method_1_1basic__operation" kindref="compound">basic_operation</ref><sp/>{</highlight></codeline>
<codeline lineno="6" refid="classcom_1_1calculator_1_1app_1_1method_1_1basic__operation_1afc222c1f39047907cdecc078942d7daa" refkind="member"><highlight class="normal"><sp/><sp/><sp/><sp/></highlight><highlight class="keyword">public</highlight><highlight class="normal"><sp/></highlight><highlight class="keyword">static</highlight><highlight class="normal"><sp/></highlight><highlight class="keywordtype">int</highlight><highlight class="normal"><sp/><ref refid="classcom_1_1calculator_1_1app_1_1method_1_1basic__operation_1afc222c1f39047907cdecc078942d7daa" kindref="member">sum</ref>(</highlight><highlight class="keywordtype">int</highlight><highlight class="normal"><sp/>a,</highlight><highlight class="keywordtype">int</highlight><highlight class="normal"><sp/>b)</highlight></codeline>
<codeline lineno="7"><highlight class="normal"><sp/><sp/><sp/><sp/>{</highlight></codeline>
<codeline lineno="8"><highlight class="normal"><sp/><sp/><sp/><sp/><sp/><sp/><sp/><sp/></highlight><highlight class="keywordflow">return</highlight><highlight class="normal"><sp/>a+b;</highlight></codeline>
<codeline lineno="9"><highlight class="normal"><sp/><sp/><sp/><sp/>}</highlight></codeline>
<codeline lineno="10" refid="classcom_1_1calculator_1_1app_1_1method_1_1basic__operation_1afea225f4238b0613ac56cbad6c842c92" refkind="member"><highlight class="normal"><sp/><sp/><sp/><sp/></highlight><highlight class="keyword">public</highlight><highlight class="normal"><sp/></highlight><highlight class="keyword">static</highlight><highlight class="normal"><sp/></highlight><highlight class="keywordtype">double</highlight><highlight class="normal"><sp/><ref refid="classcom_1_1calculator_1_1app_1_1method_1_1basic__operation_1afea225f4238b0613ac56cbad6c842c92" kindref="member">sum</ref>(</highlight><highlight class="keywordtype">double</highlight><highlight class="normal"><sp/>a,<sp/></highlight><highlight class="keywordtype">double</highlight><highlight class="normal"><sp/>b)</highlight></codeline>
<codeline lineno="11"><highlight class="normal"><sp/><sp/><sp/><sp/>{</highlight></codeline>
<codeline lineno="12"><highlight class="normal"><sp/><sp/><sp/><sp/><sp/><sp/><sp/><sp/></highlight><highlight class="keywordflow">return</highlight><highlight class="normal"><sp/>a+b;</highlight></codeline>
<codeline lineno="13"><highlight class="normal"><sp/><sp/><sp/><sp/>}</highlight></codeline>
<codeline lineno="14" refid="classcom_1_1calculator_1_1app_1_1method_1_1basic__operation_1af3ce776ee385bd7d9e3d535da648bfc1" refkind="member"><highlight class="normal"><sp/><sp/><sp/><sp/></highlight><highlight class="keyword">public</highlight><highlight class="normal"><sp/></highlight><highlight class="keyword">static</highlight><highlight class="normal"><sp/></highlight><highlight class="keywordtype">int</highlight><highlight class="normal"><sp/><ref refid="classcom_1_1calculator_1_1app_1_1method_1_1basic__operation_1af3ce776ee385bd7d9e3d535da648bfc1" kindref="member">multiplication</ref>(</highlight><highlight class="keywordtype">int</highlight><highlight class="normal"><sp/>a,<sp/></highlight><highlight class="keywordtype">int</highlight><highlight class="normal"><sp/>b)</highlight></codeline>
<codeline lineno="15"><highlight class="normal"><sp/><sp/><sp/><sp/>{</highlight></codeline>
<codeline lineno="16"><highlight class="normal"><sp/><sp/><sp/><sp/><sp/><sp/><sp/><sp/></highlight><highlight class="keywordflow">return</highlight><highlight class="normal"><sp/>a*b;</highlight></codeline>
<codeline lineno="17"><highlight class="normal"><sp/><sp/><sp/><sp/>}</highlight></codeline>
<codeline lineno="18" refid="classcom_1_1calculator_1_1app_1_1method_1_1basic__operation_1a395856a9d93b0d0b22383fb69389dc70" refkind="member"><highlight class="normal"><sp/><sp/><sp/><sp/></highlight><highlight class="keyword">public</highlight><highlight class="normal"><sp/></highlight><highlight class="keyword">static</highlight><highlight class="normal"><sp/></highlight><highlight class="keywordtype">double</highlight><highlight class="normal"><sp/><ref refid="classcom_1_1calculator_1_1app_1_1method_1_1basic__operation_1a395856a9d93b0d0b22383fb69389dc70" kindref="member">multiplication</ref>(</highlight><highlight class="keywordtype">double</highlight><highlight class="normal"><sp/>a,<sp/></highlight><highlight class="keywordtype">double</highlight><highlight class="normal"><sp/>b)</highlight></codeline>
<codeline lineno="19"><highlight class="normal"><sp/><sp/><sp/><sp/>{</highlight></codeline>
<codeline lineno="20"><highlight class="normal"><sp/><sp/><sp/><sp/><sp/><sp/><sp/><sp/></highlight><highlight class="keywordflow">return</highlight><highlight class="normal"><sp/>a*b;</highlight></codeline>
<codeline lineno="21"><highlight class="normal"><sp/><sp/><sp/><sp/>}</highlight></codeline>
<codeline lineno="22" refid="classcom_1_1calculator_1_1app_1_1method_1_1basic__operation_1acdf692ee53e9b281be9dee0648f2c23f" refkind="member"><highlight class="normal"><sp/><sp/><sp/><sp/></highlight><highlight class="keyword">public</highlight><highlight class="normal"><sp/></highlight><highlight class="keyword">static</highlight><highlight class="normal"><sp/></highlight><highlight class="keywordtype">double</highlight><highlight class="normal"><sp/><ref refid="classcom_1_1calculator_1_1app_1_1method_1_1basic__operation_1acdf692ee53e9b281be9dee0648f2c23f" kindref="member">pow</ref>(</highlight><highlight class="keywordtype">double</highlight><highlight class="normal"><sp/>a,<sp/></highlight><highlight class="keywordtype">double</highlight><highlight class="normal"><sp/>power)</highlight></codeline>
<codeline lineno="23"><highlight class="normal"><sp/><sp/><sp/><sp/>{</highlight></codeline>
<codeline lineno="24"><highlight class="normal"><sp/><sp/><sp/><sp/><sp/><sp/><sp/><sp/></highlight><highlight class="keywordflow">return</highlight><highlight class="normal"><sp/>Math.pow(a,power);</highlight></codeline>
<codeline lineno="25"><highlight class="normal"><sp/><sp/><sp/><sp/>}</highlight></codeline>
<codeline lineno="26"><highlight class="normal">}</highlight></codeline>
    </programlisting>
    <location file="src/com/calculator/app/method/basic_operation.java"/>
  </compounddef>
</doxygen>
