<?xml version='1.0' encoding='UTF-8' standalone='no'?>
<doxygen xmlns:xsi="http://www.w3.org/2001/XMLSchema-instance" xsi:noNamespaceSchemaLocation="compound.xsd" version="1.9.1" xml:lang="en-US">
  <compounddef id="classcom_1_1calculator_1_1app_1_1display_1_1print__fail" kind="class" language="Java" prot="public">
    <compoundname>com::calculator::app::display::print_fail</compoundname>
      <sectiondef kind="public-func">
      <memberdef kind="function" id="classcom_1_1calculator_1_1app_1_1display_1_1print__fail_1a113eaf64d238627bca278b394ffaa4f4" prot="public" static="no" const="no" explicit="no" inline="yes" virt="non-virtual">
        <type>void</type>
        <definition>void print_fail_message</definition>
        <argsstring>()</argsstring>
        <name>print_fail_message</name>
        <briefdescription>
        </briefdescription>
        <detaileddescription>
        </detaileddescription>
        <inbodydescription>
        </inbodydescription>
        <location file="src/com/calculator/app/display/print_fail.java" line="9" column="17" bodyfile="src/com/calculator/app/display/print_fail.java" bodystart="9" bodyend="11"/>
        <referencedby refid="classcom_1_1calculator_1_1app_1_1display_1_1println_1a793e2184d3289950f1e148a23d1c658a" compoundref="println_8java" startline="25" endline="29">println.print_fail</referencedby>
      </memberdef>
      </sectiondef>
    <briefdescription>
    </briefdescription>
    <detaileddescription>
    </detaileddescription>
    <collaborationgraph>
      <node id="1">
        <label>print_fail</label>
        <link refid="classcom_1_1calculator_1_1app_1_1display_1_1print__fail"/>
      </node>
    </collaborationgraph>
    <location file="src/com/calculator/app/display/print_fail.java" line="8" column="7" bodyfile="src/com/calculator/app/display/print_fail.java" bodystart="8" bodyend="12"/>
    <listofallmembers>
      <member refid="classcom_1_1calculator_1_1app_1_1display_1_1print__fail_1a113eaf64d238627bca278b394ffaa4f4" prot="public" virt="non-virtual"><scope>com::calculator::app::display::print_fail</scope><name>print_fail_message</name></member>
    </listofallmembers>
  </compounddef>
</doxygen>
