<?xml version='1.0' encoding='UTF-8' standalone='no'?>
<doxygen xmlns:xsi="http://www.w3.org/2001/XMLSchema-instance" xsi:noNamespaceSchemaLocation="compound.xsd" version="1.9.1" xml:lang="en-US">
  <compounddef id="classcom_1_1calculator_1_1app_1_1init_1_1Main" kind="class" language="Java" prot="public">
    <compoundname>com::calculator::app::init::Main</compoundname>
      <sectiondef kind="public-static-func">
      <memberdef kind="function" id="classcom_1_1calculator_1_1app_1_1init_1_1Main_1a8b260eecbaabcef8473fd87ada040682" prot="public" static="yes" const="no" explicit="no" inline="yes" virt="non-virtual">
        <type>void</type>
        <definition>static void main</definition>
        <argsstring>(String[] args)</argsstring>
        <name>main</name>
        <param>
          <type>String[]</type>
          <declname>args</declname>
        </param>
        <briefdescription>
        </briefdescription>
        <detaileddescription>
        </detaileddescription>
        <inbodydescription>
        </inbodydescription>
        <location file="src/com/calculator/app/init/Main.java" line="10" column="24" bodyfile="src/com/calculator/app/init/Main.java" bodystart="10" bodyend="22"/>
        <references refid="classcom_1_1calculator_1_1app_1_1method_1_1integral_1a6c3e2fd07c478bdbb4b9bb98f3d7a477" compoundref="integral_8java" startline="23" endline="34">integral.calculate_pow_x_n</references>
        <references refid="classcom_1_1calculator_1_1app_1_1method_1_1fibonacci_1a7900254e2012fb179219f2801a528dc2" compoundref="fibonacci_8java" startline="4" endline="14">fibonacci.calculate_to_n</references>
        <references refid="classcom_1_1calculator_1_1app_1_1method_1_1integral_1a051ccb1d2fbf38706a4763cb74caafc2" compoundref="integral_8java" startline="11" endline="21">integral.calculate_x</references>
        <references refid="classcom_1_1calculator_1_1app_1_1display_1_1println_1aa58e31bae8b6ae8f19ac38fe947729ec" compoundref="println_8java" startline="10" endline="12">println.print</references>
        <references refid="classcom_1_1calculator_1_1app_1_1display_1_1println_1a0d34406ad5d7127fd4d376ed66f3e27b" compoundref="println_8java" startline="20" endline="23">println.print_success</references>
        <references refid="classcom_1_1calculator_1_1app_1_1display_1_1print__success_1a861967d05bb884548daac43558a5b766" compoundref="print__success_8java" startline="9" endline="11">print_success.print_success_message</references>
      </memberdef>
      </sectiondef>
    <briefdescription>
    </briefdescription>
    <detaileddescription>
    </detaileddescription>
    <collaborationgraph>
      <node id="1">
        <label>Main</label>
        <link refid="classcom_1_1calculator_1_1app_1_1init_1_1Main"/>
      </node>
    </collaborationgraph>
    <location file="src/com/calculator/app/init/Main.java" line="8" column="7" bodyfile="src/com/calculator/app/init/Main.java" bodystart="8" bodyend="23"/>
    <listofallmembers>
      <member refid="classcom_1_1calculator_1_1app_1_1init_1_1Main_1a8b260eecbaabcef8473fd87ada040682" prot="public" virt="non-virtual"><scope>com::calculator::app::init::Main</scope><name>main</name></member>
    </listofallmembers>
  </compounddef>
</doxygen>
