<?xml version='1.0' encoding='UTF-8' standalone='no'?>
<doxygen xmlns:xsi="http://www.w3.org/2001/XMLSchema-instance" xsi:noNamespaceSchemaLocation="compound.xsd" version="1.9.1" xml:lang="en-US">
  <compounddef id="classcom_1_1calculator_1_1app_1_1method_1_1fibonacci" kind="class" language="Java" prot="public">
    <compoundname>com::calculator::app::method::fibonacci</compoundname>
    <basecompoundref refid="classcom_1_1calculator_1_1app_1_1method_1_1basic__operation" prot="public" virt="non-virtual">basic_operation</basecompoundref>
      <sectiondef kind="public-static-func">
      <memberdef kind="function" id="classcom_1_1calculator_1_1app_1_1method_1_1fibonacci_1a7900254e2012fb179219f2801a528dc2" prot="public" static="yes" const="no" explicit="no" inline="yes" virt="non-virtual">
        <type>double</type>
        <definition>static double calculate_to_n</definition>
        <argsstring>(double x0, double x1, int n)</argsstring>
        <name>calculate_to_n</name>
        <param>
          <type>double</type>
          <declname>x0</declname>
        </param>
        <param>
          <type>double</type>
          <declname>x1</declname>
        </param>
        <param>
          <type>int</type>
          <declname>n</declname>
        </param>
        <briefdescription>
        </briefdescription>
        <detaileddescription>
        </detaileddescription>
        <inbodydescription>
        </inbodydescription>
        <location file="src/com/calculator/app/method/fibonacci.java" line="4" column="26" bodyfile="src/com/calculator/app/method/fibonacci.java" bodystart="4" bodyend="14"/>
        <references refid="classcom_1_1calculator_1_1app_1_1method_1_1basic__operation_1afc222c1f39047907cdecc078942d7daa" compoundref="basic__operation_8java" startline="6" endline="9">basic_operation.sum</references>
        <referencedby refid="classcom_1_1calculator_1_1app_1_1init_1_1Main_1a8b260eecbaabcef8473fd87ada040682" compoundref="Main_8java" startline="10" endline="22">Main.main</referencedby>
      </memberdef>
      </sectiondef>
    <briefdescription>
    </briefdescription>
    <detaileddescription>
    </detaileddescription>
    <inheritancegraph>
      <node id="1">
        <label>fibonacci</label>
        <link refid="classcom_1_1calculator_1_1app_1_1method_1_1fibonacci"/>
        <childnode refid="2" relation="public-inheritance">
        </childnode>
      </node>
      <node id="2">
        <label>basic_operation</label>
        <link refid="classcom_1_1calculator_1_1app_1_1method_1_1basic__operation"/>
      </node>
    </inheritancegraph>
    <collaborationgraph>
      <node id="1">
        <label>fibonacci</label>
        <link refid="classcom_1_1calculator_1_1app_1_1method_1_1fibonacci"/>
        <childnode refid="2" relation="public-inheritance">
        </childnode>
      </node>
      <node id="2">
        <label>basic_operation</label>
        <link refid="classcom_1_1calculator_1_1app_1_1method_1_1basic__operation"/>
      </node>
    </collaborationgraph>
    <location file="src/com/calculator/app/method/fibonacci.java" line="3" column="7" bodyfile="src/com/calculator/app/method/fibonacci.java" bodystart="3" bodyend="15"/>
    <listofallmembers>
      <member refid="classcom_1_1calculator_1_1app_1_1method_1_1fibonacci_1a7900254e2012fb179219f2801a528dc2" prot="public" virt="non-virtual"><scope>com::calculator::app::method::fibonacci</scope><name>calculate_to_n</name></member>
      <member refid="classcom_1_1calculator_1_1app_1_1method_1_1basic__operation_1af3ce776ee385bd7d9e3d535da648bfc1" prot="public" virt="non-virtual"><scope>com::calculator::app::method::fibonacci</scope><name>multiplication</name></member>
      <member refid="classcom_1_1calculator_1_1app_1_1method_1_1basic__operation_1a395856a9d93b0d0b22383fb69389dc70" prot="public" virt="non-virtual"><scope>com::calculator::app::method::fibonacci</scope><name>multiplication</name></member>
      <member refid="classcom_1_1calculator_1_1app_1_1method_1_1basic__operation_1acdf692ee53e9b281be9dee0648f2c23f" prot="public" virt="non-virtual"><scope>com::calculator::app::method::fibonacci</scope><name>pow</name></member>
      <member refid="classcom_1_1calculator_1_1app_1_1method_1_1basic__operation_1afc222c1f39047907cdecc078942d7daa" prot="public" virt="non-virtual"><scope>com::calculator::app::method::fibonacci</scope><name>sum</name></member>
      <member refid="classcom_1_1calculator_1_1app_1_1method_1_1basic__operation_1afea225f4238b0613ac56cbad6c842c92" prot="public" virt="non-virtual"><scope>com::calculator::app::method::fibonacci</scope><name>sum</name></member>
    </listofallmembers>
  </compounddef>
</doxygen>
