<?xml version='1.0' encoding='UTF-8' standalone='no'?>
<doxygen xmlns:xsi="http://www.w3.org/2001/XMLSchema-instance" xsi:noNamespaceSchemaLocation="compound.xsd" version="1.9.1" xml:lang="en-US">
  <compounddef id="classcom_1_1calculator_1_1app_1_1display_1_1print__success" kind="class" language="Java" prot="public">
    <compoundname>com::calculator::app::display::print_success</compoundname>
      <sectiondef kind="public-static-func">
      <memberdef kind="function" id="classcom_1_1calculator_1_1app_1_1display_1_1print__success_1a861967d05bb884548daac43558a5b766" prot="public" static="yes" const="no" explicit="no" inline="yes" virt="non-virtual">
        <type>void</type>
        <definition>static void print_success_message</definition>
        <argsstring>()</argsstring>
        <name>print_success_message</name>
        <briefdescription>
        </briefdescription>
        <detaileddescription>
        </detaileddescription>
        <inbodydescription>
        </inbodydescription>
        <location file="src/com/calculator/app/display/print_success.java" line="9" column="24" bodyfile="src/com/calculator/app/display/print_success.java" bodystart="9" bodyend="11"/>
        <referencedby refid="classcom_1_1calculator_1_1app_1_1init_1_1Main_1a8b260eecbaabcef8473fd87ada040682" compoundref="Main_8java" startline="10" endline="22">Main.main</referencedby>
        <referencedby refid="classcom_1_1calculator_1_1app_1_1display_1_1println_1a0d34406ad5d7127fd4d376ed66f3e27b" compoundref="println_8java" startline="20" endline="23">println.print_success</referencedby>
      </memberdef>
      </sectiondef>
    <briefdescription>
    </briefdescription>
    <detaileddescription>
    </detaileddescription>
    <collaborationgraph>
      <node id="1">
        <label>print_success</label>
        <link refid="classcom_1_1calculator_1_1app_1_1display_1_1print__success"/>
      </node>
    </collaborationgraph>
    <location file="src/com/calculator/app/display/print_success.java" line="7" column="7" bodyfile="src/com/calculator/app/display/print_success.java" bodystart="7" bodyend="12"/>
    <listofallmembers>
      <member refid="classcom_1_1calculator_1_1app_1_1display_1_1print__success_1a861967d05bb884548daac43558a5b766" prot="public" virt="non-virtual"><scope>com::calculator::app::display::print_success</scope><name>print_success_message</name></member>
    </listofallmembers>
  </compounddef>
</doxygen>
