<?xml version='1.0' encoding='UTF-8' standalone='no'?>
<doxygen xmlns:xsi="http://www.w3.org/2001/XMLSchema-instance" xsi:noNamespaceSchemaLocation="compound.xsd" version="1.9.1" xml:lang="en-US">
  <compounddef id="classcom_1_1calculator_1_1app_1_1method_1_1basic__operation" kind="class" language="Java" prot="public">
    <compoundname>com::calculator::app::method::basic_operation</compoundname>
    <derivedcompoundref refid="classcom_1_1calculator_1_1app_1_1method_1_1fibonacci" prot="public" virt="non-virtual">fibonacci</derivedcompoundref>
    <derivedcompoundref refid="classcom_1_1calculator_1_1app_1_1method_1_1integral" prot="public" virt="non-virtual">integral</derivedcompoundref>
      <sectiondef kind="public-static-func">
      <memberdef kind="function" id="classcom_1_1calculator_1_1app_1_1method_1_1basic__operation_1a395856a9d93b0d0b22383fb69389dc70" prot="public" static="yes" const="no" explicit="no" inline="yes" virt="non-virtual">
        <type>double</type>
        <definition>static double multiplication</definition>
        <argsstring>(double a, double b)</argsstring>
        <name>multiplication</name>
        <param>
          <type>double</type>
          <declname>a</declname>
        </param>
        <param>
          <type>double</type>
          <declname>b</declname>
        </param>
        <briefdescription>
        </briefdescription>
        <detaileddescription>
        </detaileddescription>
        <inbodydescription>
        </inbodydescription>
        <location file="src/com/calculator/app/method/basic_operation.java" line="18" column="26" bodyfile="src/com/calculator/app/method/basic_operation.java" bodystart="18" bodyend="21"/>
      </memberdef>
      <memberdef kind="function" id="classcom_1_1calculator_1_1app_1_1method_1_1basic__operation_1af3ce776ee385bd7d9e3d535da648bfc1" prot="public" static="yes" const="no" explicit="no" inline="yes" virt="non-virtual">
        <type>int</type>
        <definition>static int multiplication</definition>
        <argsstring>(int a, int b)</argsstring>
        <name>multiplication</name>
        <param>
          <type>int</type>
          <declname>a</declname>
        </param>
        <param>
          <type>int</type>
          <declname>b</declname>
        </param>
        <briefdescription>
        </briefdescription>
        <detaileddescription>
        </detaileddescription>
        <inbodydescription>
        </inbodydescription>
        <location file="src/com/calculator/app/method/basic_operation.java" line="14" column="23" bodyfile="src/com/calculator/app/method/basic_operation.java" bodystart="14" bodyend="17"/>
        <referencedby refid="classcom_1_1calculator_1_1app_1_1method_1_1integral_1a6c3e2fd07c478bdbb4b9bb98f3d7a477" compoundref="integral_8java" startline="23" endline="34">integral.calculate_pow_x_n</referencedby>
        <referencedby refid="classcom_1_1calculator_1_1app_1_1method_1_1integral_1a051ccb1d2fbf38706a4763cb74caafc2" compoundref="integral_8java" startline="11" endline="21">integral.calculate_x</referencedby>
      </memberdef>
      <memberdef kind="function" id="classcom_1_1calculator_1_1app_1_1method_1_1basic__operation_1acdf692ee53e9b281be9dee0648f2c23f" prot="public" static="yes" const="no" explicit="no" inline="yes" virt="non-virtual">
        <type>double</type>
        <definition>static double pow</definition>
        <argsstring>(double a, double power)</argsstring>
        <name>pow</name>
        <param>
          <type>double</type>
          <declname>a</declname>
        </param>
        <param>
          <type>double</type>
          <declname>power</declname>
        </param>
        <briefdescription>
        </briefdescription>
        <detaileddescription>
        </detaileddescription>
        <inbodydescription>
        </inbodydescription>
        <location file="src/com/calculator/app/method/basic_operation.java" line="22" column="26" bodyfile="src/com/calculator/app/method/basic_operation.java" bodystart="22" bodyend="25"/>
        <referencedby refid="classcom_1_1calculator_1_1app_1_1method_1_1integral_1a6c3e2fd07c478bdbb4b9bb98f3d7a477" compoundref="integral_8java" startline="23" endline="34">integral.calculate_pow_x_n</referencedby>
      </memberdef>
      <memberdef kind="function" id="classcom_1_1calculator_1_1app_1_1method_1_1basic__operation_1afea225f4238b0613ac56cbad6c842c92" prot="public" static="yes" const="no" explicit="no" inline="yes" virt="non-virtual">
        <type>double</type>
        <definition>static double sum</definition>
        <argsstring>(double a, double b)</argsstring>
        <name>sum</name>
        <param>
          <type>double</type>
          <declname>a</declname>
        </param>
        <param>
          <type>double</type>
          <declname>b</declname>
        </param>
        <briefdescription>
        </briefdescription>
        <detaileddescription>
        </detaileddescription>
        <inbodydescription>
        </inbodydescription>
        <location file="src/com/calculator/app/method/basic_operation.java" line="10" column="26" bodyfile="src/com/calculator/app/method/basic_operation.java" bodystart="10" bodyend="13"/>
      </memberdef>
      <memberdef kind="function" id="classcom_1_1calculator_1_1app_1_1method_1_1basic__operation_1afc222c1f39047907cdecc078942d7daa" prot="public" static="yes" const="no" explicit="no" inline="yes" virt="non-virtual">
        <type>int</type>
        <definition>static int sum</definition>
        <argsstring>(int a, int b)</argsstring>
        <name>sum</name>
        <param>
          <type>int</type>
          <declname>a</declname>
        </param>
        <param>
          <type>int</type>
          <declname>b</declname>
        </param>
        <briefdescription>
        </briefdescription>
        <detaileddescription>
        </detaileddescription>
        <inbodydescription>
        </inbodydescription>
        <location file="src/com/calculator/app/method/basic_operation.java" line="6" column="23" bodyfile="src/com/calculator/app/method/basic_operation.java" bodystart="6" bodyend="9"/>
        <referencedby refid="classcom_1_1calculator_1_1app_1_1method_1_1fibonacci_1a7900254e2012fb179219f2801a528dc2" compoundref="fibonacci_8java" startline="4" endline="14">fibonacci.calculate_to_n</referencedby>
      </memberdef>
      </sectiondef>
    <briefdescription>
    </briefdescription>
    <detaileddescription>
    </detaileddescription>
    <inheritancegraph>
      <node id="3">
        <label>integral</label>
        <link refid="classcom_1_1calculator_1_1app_1_1method_1_1integral"/>
        <childnode refid="1" relation="public-inheritance">
        </childnode>
      </node>
      <node id="2">
        <label>fibonacci</label>
        <link refid="classcom_1_1calculator_1_1app_1_1method_1_1fibonacci"/>
        <childnode refid="1" relation="public-inheritance">
        </childnode>
      </node>
      <node id="1">
        <label>basic_operation</label>
        <link refid="classcom_1_1calculator_1_1app_1_1method_1_1basic__operation"/>
      </node>
    </inheritancegraph>
    <collaborationgraph>
      <node id="1">
        <label>basic_operation</label>
        <link refid="classcom_1_1calculator_1_1app_1_1method_1_1basic__operation"/>
      </node>
    </collaborationgraph>
    <location file="src/com/calculator/app/method/basic_operation.java" line="5" column="7" bodyfile="src/com/calculator/app/method/basic_operation.java" bodystart="5" bodyend="26"/>
    <listofallmembers>
      <member refid="classcom_1_1calculator_1_1app_1_1method_1_1basic__operation_1af3ce776ee385bd7d9e3d535da648bfc1" prot="public" virt="non-virtual"><scope>com::calculator::app::method::basic_operation</scope><name>multiplication</name></member>
      <member refid="classcom_1_1calculator_1_1app_1_1method_1_1basic__operation_1a395856a9d93b0d0b22383fb69389dc70" prot="public" virt="non-virtual"><scope>com::calculator::app::method::basic_operation</scope><name>multiplication</name></member>
      <member refid="classcom_1_1calculator_1_1app_1_1method_1_1basic__operation_1acdf692ee53e9b281be9dee0648f2c23f" prot="public" virt="non-virtual"><scope>com::calculator::app::method::basic_operation</scope><name>pow</name></member>
      <member refid="classcom_1_1calculator_1_1app_1_1method_1_1basic__operation_1afc222c1f39047907cdecc078942d7daa" prot="public" virt="non-virtual"><scope>com::calculator::app::method::basic_operation</scope><name>sum</name></member>
      <member refid="classcom_1_1calculator_1_1app_1_1method_1_1basic__operation_1afea225f4238b0613ac56cbad6c842c92" prot="public" virt="non-virtual"><scope>com::calculator::app::method::basic_operation</scope><name>sum</name></member>
    </listofallmembers>
  </compounddef>
</doxygen>
