<?xml version='1.0' encoding='UTF-8' standalone='no'?>
<doxygen xmlns:xsi="http://www.w3.org/2001/XMLSchema-instance" xsi:noNamespaceSchemaLocation="compound.xsd" version="1.9.1" xml:lang="en-US">
  <compounddef id="classcom_1_1calculator_1_1app_1_1method_1_1printLog" kind="class" language="Java" prot="public">
    <compoundname>com::calculator::app::method::printLog</compoundname>
    <basecompoundref refid="classcom_1_1calculator_1_1app_1_1display_1_1println" prot="public" virt="non-virtual">println</basecompoundref>
      <sectiondef kind="public-func">
      <memberdef kind="function" id="classcom_1_1calculator_1_1app_1_1method_1_1printLog_1aa58e31bae8b6ae8f19ac38fe947729ec" prot="public" static="no" const="no" explicit="no" inline="yes" virt="non-virtual">
        <type>void</type>
        <definition>void print</definition>
        <argsstring>(String text)</argsstring>
        <name>print</name>
        <reimplements refid="classcom_1_1calculator_1_1app_1_1display_1_1println_1aa58e31bae8b6ae8f19ac38fe947729ec">print</reimplements>
        <param>
          <type>String</type>
          <declname>text</declname>
        </param>
        <briefdescription>
        </briefdescription>
        <detaileddescription>
        </detaileddescription>
        <inbodydescription>
        </inbodydescription>
        <location file="src/com/calculator/app/method/printLog.java" line="10" column="17" bodyfile="src/com/calculator/app/method/printLog.java" bodystart="10" bodyend="12"/>
        <referencedby refid="classcom_1_1calculator_1_1app_1_1method_1_1integral_1a6c3e2fd07c478bdbb4b9bb98f3d7a477" compoundref="integral_8java" startline="23" endline="34">integral.calculate_pow_x_n</referencedby>
        <referencedby refid="classcom_1_1calculator_1_1app_1_1method_1_1integral_1a051ccb1d2fbf38706a4763cb74caafc2" compoundref="integral_8java" startline="11" endline="21">integral.calculate_x</referencedby>
      </memberdef>
      </sectiondef>
    <briefdescription>
    </briefdescription>
    <detaileddescription>
    </detaileddescription>
    <inheritancegraph>
      <node id="2">
        <label>println</label>
        <link refid="classcom_1_1calculator_1_1app_1_1display_1_1println"/>
      </node>
      <node id="1">
        <label>printLog</label>
        <link refid="classcom_1_1calculator_1_1app_1_1method_1_1printLog"/>
        <childnode refid="2" relation="public-inheritance">
        </childnode>
      </node>
    </inheritancegraph>
    <collaborationgraph>
      <node id="2">
        <label>println</label>
        <link refid="classcom_1_1calculator_1_1app_1_1display_1_1println"/>
      </node>
      <node id="1">
        <label>printLog</label>
        <link refid="classcom_1_1calculator_1_1app_1_1method_1_1printLog"/>
        <childnode refid="2" relation="public-inheritance">
        </childnode>
      </node>
    </collaborationgraph>
    <location file="src/com/calculator/app/method/printLog.java" line="8" column="7" bodyfile="src/com/calculator/app/method/printLog.java" bodystart="8" bodyend="13"/>
    <listofallmembers>
      <member refid="classcom_1_1calculator_1_1app_1_1method_1_1printLog_1aa58e31bae8b6ae8f19ac38fe947729ec" prot="public" virt="non-virtual"><scope>com::calculator::app::method::printLog</scope><name>print</name></member>
      <member refid="classcom_1_1calculator_1_1app_1_1display_1_1println_1a3345db19155704d888b2fa4611979567" prot="public" virt="non-virtual" ambiguityscope="com::calculator::app::display::println."><scope>com::calculator::app::method::printLog</scope><name>print</name></member>
      <member refid="classcom_1_1calculator_1_1app_1_1display_1_1println_1a793e2184d3289950f1e148a23d1c658a" prot="public" virt="non-virtual"><scope>com::calculator::app::method::printLog</scope><name>print_fail</name></member>
      <member refid="classcom_1_1calculator_1_1app_1_1display_1_1println_1a0d34406ad5d7127fd4d376ed66f3e27b" prot="public" virt="non-virtual"><scope>com::calculator::app::method::printLog</scope><name>print_success</name></member>
    </listofallmembers>
  </compounddef>
</doxygen>
