<?xml version='1.0' encoding='UTF-8' standalone='no'?>
<doxygen xmlns:xsi="http://www.w3.org/2001/XMLSchema-instance" xsi:noNamespaceSchemaLocation="compound.xsd" version="1.9.1" xml:lang="en-US">
  <compounddef id="classcom_1_1calculator_1_1app_1_1method_1_1integral" kind="class" language="Java" prot="public">
    <compoundname>com::calculator::app::method::integral</compoundname>
    <basecompoundref refid="classcom_1_1calculator_1_1app_1_1method_1_1basic__operation" prot="public" virt="non-virtual">basic_operation</basecompoundref>
      <sectiondef kind="private-attrib">
      <memberdef kind="variable" id="classcom_1_1calculator_1_1app_1_1method_1_1integral_1a602207748be31bb15b42e30a54efae70" prot="private" static="no" mutable="no">
        <type>double</type>
        <definition>double _value_1</definition>
        <argsstring></argsstring>
        <name>_value_1</name>
        <initializer>= 0</initializer>
        <briefdescription>
        </briefdescription>
        <detaileddescription>
        </detaileddescription>
        <inbodydescription>
        </inbodydescription>
        <location file="src/com/calculator/app/method/integral.java" line="7" column="20" bodyfile="src/com/calculator/app/method/integral.java" bodystart="7" bodyend="-1"/>
        <referencedby refid="classcom_1_1calculator_1_1app_1_1method_1_1integral_1a051ccb1d2fbf38706a4763cb74caafc2" compoundref="integral_8java" startline="11" endline="21">integral.calculate_x</referencedby>
      </memberdef>
      <memberdef kind="variable" id="classcom_1_1calculator_1_1app_1_1method_1_1integral_1ad6d7889d47919f9f8d96f70d04b4a251" prot="private" static="no" mutable="no">
        <type>double</type>
        <definition>double _value_2</definition>
        <argsstring></argsstring>
        <name>_value_2</name>
        <initializer>= 0</initializer>
        <briefdescription>
        </briefdescription>
        <detaileddescription>
        </detaileddescription>
        <inbodydescription>
        </inbodydescription>
        <location file="src/com/calculator/app/method/integral.java" line="8" column="20" bodyfile="src/com/calculator/app/method/integral.java" bodystart="8" bodyend="-1"/>
        <referencedby refid="classcom_1_1calculator_1_1app_1_1method_1_1integral_1a6c3e2fd07c478bdbb4b9bb98f3d7a477" compoundref="integral_8java" startline="23" endline="34">integral.calculate_pow_x_n</referencedby>
      </memberdef>
      <memberdef kind="variable" id="classcom_1_1calculator_1_1app_1_1method_1_1integral_1a0fa6cefb052cdabef44d043ea8badcf8" prot="private" static="no" mutable="no">
        <type>double</type>
        <definition>double _value_3</definition>
        <argsstring></argsstring>
        <name>_value_3</name>
        <initializer>= 0</initializer>
        <briefdescription>
        </briefdescription>
        <detaileddescription>
        </detaileddescription>
        <inbodydescription>
        </inbodydescription>
        <location file="src/com/calculator/app/method/integral.java" line="9" column="20" bodyfile="src/com/calculator/app/method/integral.java" bodystart="9" bodyend="-1"/>
        <referencedby refid="classcom_1_1calculator_1_1app_1_1method_1_1integral_1ab0117e1d87b31eed214db20f0532f22c" compoundref="integral_8java" startline="35" endline="39">integral.calculate_rectangle</referencedby>
      </memberdef>
      </sectiondef>
      <sectiondef kind="public-func">
      <memberdef kind="function" id="classcom_1_1calculator_1_1app_1_1method_1_1integral_1a6c3e2fd07c478bdbb4b9bb98f3d7a477" prot="public" static="no" const="no" explicit="no" inline="yes" virt="non-virtual">
        <type>double</type>
        <definition>double calculate_pow_x_n</definition>
        <argsstring>(double from, double to, int n)</argsstring>
        <name>calculate_pow_x_n</name>
        <param>
          <type>double</type>
          <declname>from</declname>
        </param>
        <param>
          <type>double</type>
          <declname>to</declname>
        </param>
        <param>
          <type>int</type>
          <declname>n</declname>
        </param>
        <briefdescription>
        </briefdescription>
        <detaileddescription>
        </detaileddescription>
        <inbodydescription>
        </inbodydescription>
        <location file="src/com/calculator/app/method/integral.java" line="23" column="19" bodyfile="src/com/calculator/app/method/integral.java" bodystart="23" bodyend="34"/>
        <references refid="classcom_1_1calculator_1_1app_1_1method_1_1integral_1ad6d7889d47919f9f8d96f70d04b4a251" compoundref="integral_8java" startline="8">integral._value_2</references>
        <references refid="classcom_1_1calculator_1_1app_1_1method_1_1basic__operation_1af3ce776ee385bd7d9e3d535da648bfc1" compoundref="basic__operation_8java" startline="14" endline="17">basic_operation.multiplication</references>
        <references refid="classcom_1_1calculator_1_1app_1_1method_1_1basic__operation_1acdf692ee53e9b281be9dee0648f2c23f" compoundref="basic__operation_8java" startline="22" endline="25">basic_operation.pow</references>
        <references refid="classcom_1_1calculator_1_1app_1_1method_1_1printLog_1aa58e31bae8b6ae8f19ac38fe947729ec" compoundref="printLog_8java" startline="10" endline="12">printLog.print</references>
        <referencedby refid="classcom_1_1calculator_1_1app_1_1init_1_1Main_1a8b260eecbaabcef8473fd87ada040682" compoundref="Main_8java" startline="10" endline="22">Main.main</referencedby>
      </memberdef>
      <memberdef kind="function" id="classcom_1_1calculator_1_1app_1_1method_1_1integral_1ab0117e1d87b31eed214db20f0532f22c" prot="public" static="no" const="no" explicit="no" inline="yes" virt="non-virtual">
        <type>double</type>
        <definition>double calculate_rectangle</definition>
        <argsstring>(int width, int height)</argsstring>
        <name>calculate_rectangle</name>
        <param>
          <type>int</type>
          <declname>width</declname>
        </param>
        <param>
          <type>int</type>
          <declname>height</declname>
        </param>
        <briefdescription>
        </briefdescription>
        <detaileddescription>
        </detaileddescription>
        <inbodydescription>
        </inbodydescription>
        <location file="src/com/calculator/app/method/integral.java" line="35" column="19" bodyfile="src/com/calculator/app/method/integral.java" bodystart="35" bodyend="39"/>
        <references refid="classcom_1_1calculator_1_1app_1_1method_1_1integral_1a0fa6cefb052cdabef44d043ea8badcf8" compoundref="integral_8java" startline="9">integral._value_3</references>
      </memberdef>
      <memberdef kind="function" id="classcom_1_1calculator_1_1app_1_1method_1_1integral_1a051ccb1d2fbf38706a4763cb74caafc2" prot="public" static="no" const="no" explicit="no" inline="yes" virt="non-virtual">
        <type>double</type>
        <definition>double calculate_x</definition>
        <argsstring>(double from, double to, int n)</argsstring>
        <name>calculate_x</name>
        <param>
          <type>double</type>
          <declname>from</declname>
        </param>
        <param>
          <type>double</type>
          <declname>to</declname>
        </param>
        <param>
          <type>int</type>
          <declname>n</declname>
        </param>
        <briefdescription>
        </briefdescription>
        <detaileddescription>
        </detaileddescription>
        <inbodydescription>
        </inbodydescription>
        <location file="src/com/calculator/app/method/integral.java" line="11" column="19" bodyfile="src/com/calculator/app/method/integral.java" bodystart="11" bodyend="21"/>
        <references refid="classcom_1_1calculator_1_1app_1_1method_1_1integral_1a602207748be31bb15b42e30a54efae70" compoundref="integral_8java" startline="7">integral._value_1</references>
        <references refid="classcom_1_1calculator_1_1app_1_1method_1_1basic__operation_1af3ce776ee385bd7d9e3d535da648bfc1" compoundref="basic__operation_8java" startline="14" endline="17">basic_operation.multiplication</references>
        <references refid="classcom_1_1calculator_1_1app_1_1method_1_1printLog_1aa58e31bae8b6ae8f19ac38fe947729ec" compoundref="printLog_8java" startline="10" endline="12">printLog.print</references>
        <referencedby refid="classcom_1_1calculator_1_1app_1_1init_1_1Main_1a8b260eecbaabcef8473fd87ada040682" compoundref="Main_8java" startline="10" endline="22">Main.main</referencedby>
      </memberdef>
      </sectiondef>
    <briefdescription>
    </briefdescription>
    <detaileddescription>
    </detaileddescription>
    <inheritancegraph>
      <node id="1">
        <label>integral</label>
        <link refid="classcom_1_1calculator_1_1app_1_1method_1_1integral"/>
        <childnode refid="2" relation="public-inheritance">
        </childnode>
      </node>
      <node id="2">
        <label>basic_operation</label>
        <link refid="classcom_1_1calculator_1_1app_1_1method_1_1basic__operation"/>
      </node>
    </inheritancegraph>
    <collaborationgraph>
      <node id="1">
        <label>integral</label>
        <link refid="classcom_1_1calculator_1_1app_1_1method_1_1integral"/>
        <childnode refid="2" relation="public-inheritance">
        </childnode>
      </node>
      <node id="2">
        <label>basic_operation</label>
        <link refid="classcom_1_1calculator_1_1app_1_1method_1_1basic__operation"/>
      </node>
    </collaborationgraph>
    <location file="src/com/calculator/app/method/integral.java" line="6" column="7" bodyfile="src/com/calculator/app/method/integral.java" bodystart="6" bodyend="40"/>
    <listofallmembers>
      <member refid="classcom_1_1calculator_1_1app_1_1method_1_1integral_1a602207748be31bb15b42e30a54efae70" prot="private" virt="non-virtual"><scope>com::calculator::app::method::integral</scope><name>_value_1</name></member>
      <member refid="classcom_1_1calculator_1_1app_1_1method_1_1integral_1ad6d7889d47919f9f8d96f70d04b4a251" prot="private" virt="non-virtual"><scope>com::calculator::app::method::integral</scope><name>_value_2</name></member>
      <member refid="classcom_1_1calculator_1_1app_1_1method_1_1integral_1a0fa6cefb052cdabef44d043ea8badcf8" prot="private" virt="non-virtual"><scope>com::calculator::app::method::integral</scope><name>_value_3</name></member>
      <member refid="classcom_1_1calculator_1_1app_1_1method_1_1integral_1a6c3e2fd07c478bdbb4b9bb98f3d7a477" prot="public" virt="non-virtual"><scope>com::calculator::app::method::integral</scope><name>calculate_pow_x_n</name></member>
      <member refid="classcom_1_1calculator_1_1app_1_1method_1_1integral_1ab0117e1d87b31eed214db20f0532f22c" prot="public" virt="non-virtual"><scope>com::calculator::app::method::integral</scope><name>calculate_rectangle</name></member>
      <member refid="classcom_1_1calculator_1_1app_1_1method_1_1integral_1a051ccb1d2fbf38706a4763cb74caafc2" prot="public" virt="non-virtual"><scope>com::calculator::app::method::integral</scope><name>calculate_x</name></member>
      <member refid="classcom_1_1calculator_1_1app_1_1method_1_1basic__operation_1af3ce776ee385bd7d9e3d535da648bfc1" prot="public" virt="non-virtual"><scope>com::calculator::app::method::integral</scope><name>multiplication</name></member>
      <member refid="classcom_1_1calculator_1_1app_1_1method_1_1basic__operation_1a395856a9d93b0d0b22383fb69389dc70" prot="public" virt="non-virtual"><scope>com::calculator::app::method::integral</scope><name>multiplication</name></member>
      <member refid="classcom_1_1calculator_1_1app_1_1method_1_1basic__operation_1acdf692ee53e9b281be9dee0648f2c23f" prot="public" virt="non-virtual"><scope>com::calculator::app::method::integral</scope><name>pow</name></member>
      <member refid="classcom_1_1calculator_1_1app_1_1method_1_1basic__operation_1afc222c1f39047907cdecc078942d7daa" prot="public" virt="non-virtual"><scope>com::calculator::app::method::integral</scope><name>sum</name></member>
      <member refid="classcom_1_1calculator_1_1app_1_1method_1_1basic__operation_1afea225f4238b0613ac56cbad6c842c92" prot="public" virt="non-virtual"><scope>com::calculator::app::method::integral</scope><name>sum</name></member>
    </listofallmembers>
  </compounddef>
</doxygen>
