<?xml version='1.0' encoding='UTF-8' standalone='no'?>
<doxygen xmlns:xsi="http://www.w3.org/2001/XMLSchema-instance" xsi:noNamespaceSchemaLocation="compound.xsd" version="1.9.1" xml:lang="en-US">
  <compounddef id="dir_87ced8f5d6973e01667a9720c253836b" kind="dir">
    <compoundname>src/com/calculator</compoundname>
    <innerdir refid="dir_eeefc820aeaab18d142c28c60889aa38">src/com/calculator/app</innerdir>
    <briefdescription>
    </briefdescription>
    <detaileddescription>
    </detaileddescription>
    <location file="src/com/calculator/"/>
  </compounddef>
</doxygen>
