<?xml version='1.0' encoding='UTF-8' standalone='no'?>
<doxygen xmlns:xsi="http://www.w3.org/2001/XMLSchema-instance" xsi:noNamespaceSchemaLocation="compound.xsd" version="1.9.1" xml:lang="en-US">
  <compounddef id="dir_86c8e8b8bf2e024266b440c11448159f" kind="dir">
    <compoundname>src/com/calculator/app/display</compoundname>
    <innerfile refid="print__fail_8java">print_fail.java</innerfile>
    <innerfile refid="print__success_8java">print_success.java</innerfile>
    <innerfile refid="println_8java">println.java</innerfile>
    <briefdescription>
    </briefdescription>
    <detaileddescription>
    </detaileddescription>
    <location file="src/com/calculator/app/display/"/>
  </compounddef>
</doxygen>
