<?xml version='1.0' encoding='UTF-8' standalone='no'?>
<doxygen xmlns:xsi="http://www.w3.org/2001/XMLSchema-instance" xsi:noNamespaceSchemaLocation="compound.xsd" version="1.9.1" xml:lang="en-US">
  <compounddef id="dir_541eb0a6c58a7690acc5b848a4b1b724" kind="dir">
    <compoundname>src/com</compoundname>
    <innerdir refid="dir_87ced8f5d6973e01667a9720c253836b">src/com/calculator</innerdir>
    <briefdescription>
    </briefdescription>
    <detaileddescription>
    </detaileddescription>
    <location file="src/com/"/>
  </compounddef>
</doxygen>
