<?xml version='1.0' encoding='UTF-8' standalone='no'?>
<doxygen xmlns:xsi="http://www.w3.org/2001/XMLSchema-instance" xsi:noNamespaceSchemaLocation="compound.xsd" version="1.9.1" xml:lang="en-US">
  <compounddef id="dir_5f9f30d26b27555ed7daa49a7e1e17d0" kind="dir">
    <compoundname>src/com/calculator/app/init</compoundname>
    <innerfile refid="Main_8java">Main.java</innerfile>
    <briefdescription>
    </briefdescription>
    <detaileddescription>
    </detaileddescription>
    <location file="src/com/calculator/app/init/"/>
  </compounddef>
</doxygen>
