<?xml version='1.0' encoding='UTF-8' standalone='no'?>
<doxygen xmlns:xsi="http://www.w3.org/2001/XMLSchema-instance" xsi:noNamespaceSchemaLocation="compound.xsd" version="1.9.1" xml:lang="en-US">
  <compounddef id="dir_be8b79969ad70a950adeaaa5f61d3125" kind="dir">
    <compoundname>src/com/calculator/app/method</compoundname>
    <innerfile refid="basic__operation_8java">basic_operation.java</innerfile>
    <innerfile refid="fibonacci_8java">fibonacci.java</innerfile>
    <innerfile refid="integral_8java">integral.java</innerfile>
    <innerfile refid="printLog_8java">printLog.java</innerfile>
    <briefdescription>
    </briefdescription>
    <detaileddescription>
    </detaileddescription>
    <location file="src/com/calculator/app/method/"/>
  </compounddef>
</doxygen>
