<?xml version='1.0' encoding='UTF-8' standalone='no'?>
<doxygen xmlns:xsi="http://www.w3.org/2001/XMLSchema-instance" xsi:noNamespaceSchemaLocation="compound.xsd" version="1.9.1" xml:lang="en-US">
  <compounddef id="dir_eeefc820aeaab18d142c28c60889aa38" kind="dir">
    <compoundname>src/com/calculator/app</compoundname>
    <innerdir refid="dir_86c8e8b8bf2e024266b440c11448159f">src/com/calculator/app/display</innerdir>
    <innerdir refid="dir_5f9f30d26b27555ed7daa49a7e1e17d0">src/com/calculator/app/init</innerdir>
    <innerdir refid="dir_be8b79969ad70a950adeaaa5f61d3125">src/com/calculator/app/method</innerdir>
    <briefdescription>
    </briefdescription>
    <detaileddescription>
    </detaileddescription>
    <location file="src/com/calculator/app/"/>
  </compounddef>
</doxygen>
