<?xml version='1.0' encoding='UTF-8' standalone='no'?>
<doxygen xmlns:xsi="http://www.w3.org/2001/XMLSchema-instance" xsi:noNamespaceSchemaLocation="compound.xsd" version="1.9.1" xml:lang="en-US">
  <compounddef id="fibonacci_8java" kind="file" language="Java">
    <compoundname>fibonacci.java</compoundname>
    <innerclass refid="classcom_1_1calculator_1_1app_1_1method_1_1fibonacci" prot="public">com::calculator::app::method::fibonacci</innerclass>
    <innernamespace refid="namespacecom_1_1calculator_1_1app_1_1method">com::calculator::app::method</innernamespace>
    <briefdescription>
    </briefdescription>
    <detaileddescription>
    </detaileddescription>
    <programlisting>
<codeline lineno="1"><highlight class="keyword">package<sp/></highlight><highlight class="normal">com.calculator.app.method;</highlight></codeline>
<codeline lineno="2"><highlight class="normal"></highlight></codeline>
<codeline lineno="3" refid="classcom_1_1calculator_1_1app_1_1method_1_1fibonacci" refkind="compound"><highlight class="normal"></highlight><highlight class="keyword">public</highlight><highlight class="normal"><sp/></highlight><highlight class="keyword">class<sp/></highlight><highlight class="normal"><ref refid="classcom_1_1calculator_1_1app_1_1method_1_1fibonacci" kindref="compound">fibonacci</ref><sp/></highlight><highlight class="keyword">extends</highlight><highlight class="normal"><sp/><ref refid="classcom_1_1calculator_1_1app_1_1method_1_1basic__operation" kindref="compound">basic_operation</ref><sp/>{</highlight></codeline>
<codeline lineno="4" refid="classcom_1_1calculator_1_1app_1_1method_1_1fibonacci_1a7900254e2012fb179219f2801a528dc2" refkind="member"><highlight class="normal"><sp/><sp/><sp/><sp/></highlight><highlight class="keyword">public</highlight><highlight class="normal"><sp/></highlight><highlight class="keyword">static</highlight><highlight class="normal"><sp/></highlight><highlight class="keywordtype">double</highlight><highlight class="normal"><sp/><ref refid="classcom_1_1calculator_1_1app_1_1method_1_1fibonacci_1a7900254e2012fb179219f2801a528dc2" kindref="member">calculate_to_n</ref>(</highlight><highlight class="keywordtype">double</highlight><highlight class="normal"><sp/>x0,<sp/></highlight><highlight class="keywordtype">double</highlight><highlight class="normal"><sp/>x1,<sp/></highlight><highlight class="keywordtype">int</highlight><highlight class="normal"><sp/>n)<sp/>{</highlight></codeline>
<codeline lineno="5"><highlight class="normal"><sp/><sp/><sp/><sp/><sp/><sp/><sp/><sp/></highlight><highlight class="keywordtype">double</highlight><highlight class="normal"><sp/>value<sp/>=<sp/>0;</highlight></codeline>
<codeline lineno="6"><highlight class="normal"><sp/><sp/><sp/><sp/><sp/><sp/><sp/><sp/></highlight><highlight class="keywordflow">for</highlight><highlight class="normal"><sp/>(</highlight><highlight class="keywordtype">int</highlight><highlight class="normal"><sp/>i<sp/>=<sp/>0;<sp/>i<sp/>&lt;<sp/>n;<sp/>i++)<sp/>{</highlight></codeline>
<codeline lineno="7"><highlight class="normal"><sp/><sp/><sp/><sp/><sp/><sp/><sp/><sp/><sp/><sp/><sp/><sp/></highlight><highlight class="comment">//<sp/>sum<sp/>is<sp/>only<sp/>used<sp/>by<sp/>this<sp/>method<sp/>and<sp/>this<sp/>class,</highlight><highlight class="normal"></highlight></codeline>
<codeline lineno="8"><highlight class="normal"><sp/><sp/><sp/><sp/><sp/><sp/><sp/><sp/><sp/><sp/><sp/><sp/></highlight><highlight class="comment">//<sp/>so<sp/>it&apos;s<sp/>a<sp/>good<sp/>candidate<sp/>for<sp/>pushing<sp/>it<sp/>down</highlight><highlight class="normal"></highlight></codeline>
<codeline lineno="9"><highlight class="normal"><sp/><sp/><sp/><sp/><sp/><sp/><sp/><sp/><sp/><sp/><sp/><sp/>value<sp/>=<sp/><ref refid="classcom_1_1calculator_1_1app_1_1method_1_1basic__operation_1afc222c1f39047907cdecc078942d7daa" kindref="member">sum</ref>(x0,<sp/>x1);</highlight></codeline>
<codeline lineno="10"><highlight class="normal"><sp/><sp/><sp/><sp/><sp/><sp/><sp/><sp/><sp/><sp/><sp/><sp/>x0<sp/>=<sp/>x1;</highlight></codeline>
<codeline lineno="11"><highlight class="normal"><sp/><sp/><sp/><sp/><sp/><sp/><sp/><sp/><sp/><sp/><sp/><sp/>x1<sp/>=<sp/>value;</highlight></codeline>
<codeline lineno="12"><highlight class="normal"><sp/><sp/><sp/><sp/><sp/><sp/><sp/><sp/>}</highlight></codeline>
<codeline lineno="13"><highlight class="normal"><sp/><sp/><sp/><sp/><sp/><sp/><sp/><sp/></highlight><highlight class="keywordflow">return</highlight><highlight class="normal"><sp/>value;</highlight></codeline>
<codeline lineno="14"><highlight class="normal"><sp/><sp/><sp/><sp/>}</highlight></codeline>
<codeline lineno="15"><highlight class="normal">}</highlight></codeline>
    </programlisting>
    <location file="src/com/calculator/app/method/fibonacci.java"/>
  </compounddef>
</doxygen>
