<?xml version='1.0' encoding='UTF-8' standalone='no'?>
<doxygenindex xmlns:xsi="http://www.w3.org/2001/XMLSchema-instance" xsi:noNamespaceSchemaLocation="index.xsd" version="1.9.1" xml:lang="en-US">
  <compound refid="classcom_1_1calculator_1_1app_1_1display_1_1print__fail" kind="class"><name>com::calculator::app::display::print_fail</name>
    <member refid="classcom_1_1calculator_1_1app_1_1display_1_1print__fail_1a113eaf64d238627bca278b394ffaa4f4" kind="function"><name>print_fail_message</name></member>
  </compound>
  <compound refid="classcom_1_1calculator_1_1app_1_1display_1_1print__success" kind="class"><name>com::calculator::app::display::print_success</name>
    <member refid="classcom_1_1calculator_1_1app_1_1display_1_1print__success_1a861967d05bb884548daac43558a5b766" kind="function"><name>print_success_message</name></member>
  </compound>
  <compound refid="classcom_1_1calculator_1_1app_1_1display_1_1println" kind="class"><name>com::calculator::app::display::println</name>
    <member refid="classcom_1_1calculator_1_1app_1_1display_1_1println_1a3345db19155704d888b2fa4611979567" kind="function"><name>print</name></member>
    <member refid="classcom_1_1calculator_1_1app_1_1display_1_1println_1aa58e31bae8b6ae8f19ac38fe947729ec" kind="function"><name>print</name></member>
    <member refid="classcom_1_1calculator_1_1app_1_1display_1_1println_1a793e2184d3289950f1e148a23d1c658a" kind="function"><name>print_fail</name></member>
    <member refid="classcom_1_1calculator_1_1app_1_1display_1_1println_1a0d34406ad5d7127fd4d376ed66f3e27b" kind="function"><name>print_success</name></member>
  </compound>
  <compound refid="classcom_1_1calculator_1_1app_1_1init_1_1Main" kind="class"><name>com::calculator::app::init::Main</name>
    <member refid="classcom_1_1calculator_1_1app_1_1init_1_1Main_1a8b260eecbaabcef8473fd87ada040682" kind="function"><name>main</name></member>
  </compound>
  <compound refid="classcom_1_1calculator_1_1app_1_1method_1_1basic__operation" kind="class"><name>com::calculator::app::method::basic_operation</name>
    <member refid="classcom_1_1calculator_1_1app_1_1method_1_1basic__operation_1a395856a9d93b0d0b22383fb69389dc70" kind="function"><name>multiplication</name></member>
    <member refid="classcom_1_1calculator_1_1app_1_1method_1_1basic__operation_1af3ce776ee385bd7d9e3d535da648bfc1" kind="function"><name>multiplication</name></member>
    <member refid="classcom_1_1calculator_1_1app_1_1method_1_1basic__operation_1acdf692ee53e9b281be9dee0648f2c23f" kind="function"><name>pow</name></member>
    <member refid="classcom_1_1calculator_1_1app_1_1method_1_1basic__operation_1afea225f4238b0613ac56cbad6c842c92" kind="function"><name>sum</name></member>
    <member refid="classcom_1_1calculator_1_1app_1_1method_1_1basic__operation_1afc222c1f39047907cdecc078942d7daa" kind="function"><name>sum</name></member>
  </compound>
  <compound refid="classcom_1_1calculator_1_1app_1_1method_1_1fibonacci" kind="class"><name>com::calculator::app::method::fibonacci</name>
    <member refid="classcom_1_1calculator_1_1app_1_1method_1_1fibonacci_1a7900254e2012fb179219f2801a528dc2" kind="function"><name>calculate_to_n</name></member>
  </compound>
  <compound refid="classcom_1_1calculator_1_1app_1_1method_1_1integral" kind="class"><name>com::calculator::app::method::integral</name>
    <member refid="classcom_1_1calculator_1_1app_1_1method_1_1integral_1a602207748be31bb15b42e30a54efae70" kind="variable"><name>_value_1</name></member>
    <member refid="classcom_1_1calculator_1_1app_1_1method_1_1integral_1ad6d7889d47919f9f8d96f70d04b4a251" kind="variable"><name>_value_2</name></member>
    <member refid="classcom_1_1calculator_1_1app_1_1method_1_1integral_1a0fa6cefb052cdabef44d043ea8badcf8" kind="variable"><name>_value_3</name></member>
    <member refid="classcom_1_1calculator_1_1app_1_1method_1_1integral_1a6c3e2fd07c478bdbb4b9bb98f3d7a477" kind="function"><name>calculate_pow_x_n</name></member>
    <member refid="classcom_1_1calculator_1_1app_1_1method_1_1integral_1ab0117e1d87b31eed214db20f0532f22c" kind="function"><name>calculate_rectangle</name></member>
    <member refid="classcom_1_1calculator_1_1app_1_1method_1_1integral_1a051ccb1d2fbf38706a4763cb74caafc2" kind="function"><name>calculate_x</name></member>
  </compound>
  <compound refid="classcom_1_1calculator_1_1app_1_1method_1_1printLog" kind="class"><name>com::calculator::app::method::printLog</name>
    <member refid="classcom_1_1calculator_1_1app_1_1method_1_1printLog_1aa58e31bae8b6ae8f19ac38fe947729ec" kind="function"><name>print</name></member>
  </compound>
  <compound refid="namespacecom" kind="namespace"><name>com</name>
  </compound>
  <compound refid="namespacecom_1_1calculator" kind="namespace"><name>com::calculator</name>
  </compound>
  <compound refid="namespacecom_1_1calculator_1_1app" kind="namespace"><name>com::calculator::app</name>
  </compound>
  <compound refid="namespacecom_1_1calculator_1_1app_1_1display" kind="namespace"><name>com::calculator::app::display</name>
  </compound>
  <compound refid="namespacecom_1_1calculator_1_1app_1_1init" kind="namespace"><name>com::calculator::app::init</name>
  </compound>
  <compound refid="namespacecom_1_1calculator_1_1app_1_1method" kind="namespace"><name>com::calculator::app::method</name>
  </compound>
  <compound refid="print__fail_8java" kind="file"><name>print_fail.java</name>
  </compound>
  <compound refid="print__success_8java" kind="file"><name>print_success.java</name>
  </compound>
  <compound refid="println_8java" kind="file"><name>println.java</name>
  </compound>
  <compound refid="Main_8java" kind="file"><name>Main.java</name>
  </compound>
  <compound refid="basic__operation_8java" kind="file"><name>basic_operation.java</name>
  </compound>
  <compound refid="fibonacci_8java" kind="file"><name>fibonacci.java</name>
  </compound>
  <compound refid="integral_8java" kind="file"><name>integral.java</name>
  </compound>
  <compound refid="printLog_8java" kind="file"><name>printLog.java</name>
  </compound>
  <compound refid="dir_eeefc820aeaab18d142c28c60889aa38" kind="dir"><name>src/com/calculator/app</name>
  </compound>
  <compound refid="dir_87ced8f5d6973e01667a9720c253836b" kind="dir"><name>src/com/calculator</name>
  </compound>
  <compound refid="dir_541eb0a6c58a7690acc5b848a4b1b724" kind="dir"><name>src/com</name>
  </compound>
  <compound refid="dir_86c8e8b8bf2e024266b440c11448159f" kind="dir"><name>src/com/calculator/app/display</name>
  </compound>
  <compound refid="dir_5f9f30d26b27555ed7daa49a7e1e17d0" kind="dir"><name>src/com/calculator/app/init</name>
  </compound>
  <compound refid="dir_be8b79969ad70a950adeaaa5f61d3125" kind="dir"><name>src/com/calculator/app/method</name>
  </compound>
  <compound refid="dir_68267d1309a1af8e8297ef4c3efbcdba" kind="dir"><name>src</name>
  </compound>
</doxygenindex>
