<?xml version='1.0' encoding='UTF-8' standalone='no'?>
<doxygen xmlns:xsi="http://www.w3.org/2001/XMLSchema-instance" xsi:noNamespaceSchemaLocation="compound.xsd" version="1.9.1" xml:lang="en-US">
  <compounddef id="integral_8java" kind="file" language="Java">
    <compoundname>integral.java</compoundname>
    <innerclass refid="classcom_1_1calculator_1_1app_1_1method_1_1integral" prot="public">com::calculator::app::method::integral</innerclass>
    <innernamespace refid="namespacecom_1_1calculator_1_1app_1_1method">com::calculator::app::method</innernamespace>
    <briefdescription>
    </briefdescription>
    <detaileddescription>
    </detaileddescription>
    <programlisting>
<codeline lineno="1"><highlight class="keyword">package<sp/></highlight><highlight class="normal">com.calculator.app.method;</highlight></codeline>
<codeline lineno="2"><highlight class="normal"></highlight></codeline>
<codeline lineno="3"><highlight class="normal"></highlight><highlight class="keyword">import</highlight><highlight class="normal"><sp/>com.calculator.app.method.printLog;</highlight></codeline>
<codeline lineno="4"><highlight class="normal"></highlight></codeline>
<codeline lineno="5"><highlight class="normal"></highlight><highlight class="comment">//<sp/>the<sp/>integral<sp/>class<sp/>is<sp/>a<sp/>candidate<sp/>for<sp/>extract<sp/>class<sp/>refactoring</highlight><highlight class="normal"></highlight></codeline>
<codeline lineno="6" refid="classcom_1_1calculator_1_1app_1_1method_1_1integral" refkind="compound"><highlight class="normal"></highlight><highlight class="keyword">public</highlight><highlight class="normal"><sp/></highlight><highlight class="keyword">class<sp/></highlight><highlight class="normal"><ref refid="classcom_1_1calculator_1_1app_1_1method_1_1integral" kindref="compound">integral</ref><sp/></highlight><highlight class="keyword">extends</highlight><highlight class="normal"><sp/><ref refid="classcom_1_1calculator_1_1app_1_1method_1_1basic__operation" kindref="compound">basic_operation</ref><sp/>{</highlight></codeline>
<codeline lineno="7" refid="classcom_1_1calculator_1_1app_1_1method_1_1integral_1a602207748be31bb15b42e30a54efae70" refkind="member"><highlight class="normal"><sp/><sp/><sp/><sp/></highlight><highlight class="keyword">private</highlight><highlight class="normal"><sp/></highlight><highlight class="keywordtype">double</highlight><highlight class="normal"><sp/><ref refid="classcom_1_1calculator_1_1app_1_1method_1_1integral_1a602207748be31bb15b42e30a54efae70" kindref="member">_value_1</ref><sp/>=<sp/>0;</highlight></codeline>
<codeline lineno="8" refid="classcom_1_1calculator_1_1app_1_1method_1_1integral_1ad6d7889d47919f9f8d96f70d04b4a251" refkind="member"><highlight class="normal"><sp/><sp/><sp/><sp/></highlight><highlight class="keyword">private</highlight><highlight class="normal"><sp/></highlight><highlight class="keywordtype">double</highlight><highlight class="normal"><sp/><ref refid="classcom_1_1calculator_1_1app_1_1method_1_1integral_1ad6d7889d47919f9f8d96f70d04b4a251" kindref="member">_value_2</ref><sp/>=<sp/>0;</highlight></codeline>
<codeline lineno="9" refid="classcom_1_1calculator_1_1app_1_1method_1_1integral_1a0fa6cefb052cdabef44d043ea8badcf8" refkind="member"><highlight class="normal"><sp/><sp/><sp/><sp/></highlight><highlight class="keyword">private</highlight><highlight class="normal"><sp/></highlight><highlight class="keywordtype">double</highlight><highlight class="normal"><sp/><ref refid="classcom_1_1calculator_1_1app_1_1method_1_1integral_1a0fa6cefb052cdabef44d043ea8badcf8" kindref="member">_value_3</ref><sp/>=<sp/>0;</highlight></codeline>
<codeline lineno="10"><highlight class="normal"></highlight></codeline>
<codeline lineno="11" refid="classcom_1_1calculator_1_1app_1_1method_1_1integral_1a051ccb1d2fbf38706a4763cb74caafc2" refkind="member"><highlight class="normal"><sp/><sp/><sp/><sp/></highlight><highlight class="keyword">public</highlight><highlight class="normal"><sp/></highlight><highlight class="keywordtype">double</highlight><highlight class="normal"><sp/><ref refid="classcom_1_1calculator_1_1app_1_1method_1_1integral_1a051ccb1d2fbf38706a4763cb74caafc2" kindref="member">calculate_x</ref>(</highlight><highlight class="keywordtype">double</highlight><highlight class="normal"><sp/>from,<sp/></highlight><highlight class="keywordtype">double</highlight><highlight class="normal"><sp/>to,<sp/></highlight><highlight class="keywordtype">int</highlight><highlight class="normal"><sp/>n)<sp/>{</highlight></codeline>
<codeline lineno="12"><highlight class="normal"><sp/><sp/><sp/><sp/><sp/><sp/><sp/><sp/>this._value_1<sp/>=<sp/>0;</highlight></codeline>
<codeline lineno="13"><highlight class="normal"><sp/><sp/><sp/><sp/><sp/><sp/><sp/><sp/></highlight><highlight class="keywordtype">double</highlight><highlight class="normal"><sp/>range<sp/>=<sp/>to<sp/>-<sp/>from;</highlight></codeline>
<codeline lineno="14"><highlight class="normal"><sp/><sp/><sp/><sp/><sp/><sp/><sp/><sp/></highlight><highlight class="keywordtype">double</highlight><highlight class="normal"><sp/>len<sp/>=<sp/>(range<sp/>/<sp/>n);</highlight></codeline>
<codeline lineno="15"><highlight class="normal"><sp/><sp/><sp/><sp/><sp/><sp/><sp/><sp/></highlight><highlight class="keywordflow">for</highlight><highlight class="normal"><sp/>(</highlight><highlight class="keywordtype">int</highlight><highlight class="normal"><sp/>i<sp/>=<sp/>0;<sp/>i<sp/>&lt;<sp/>n;<sp/>i++)<sp/>{</highlight></codeline>
<codeline lineno="16"><highlight class="normal"><sp/><sp/><sp/><sp/><sp/><sp/><sp/><sp/><sp/><sp/><sp/><sp/></highlight><highlight class="comment">//<sp/>method<sp/>multiplication<sp/>is<sp/>being<sp/>used<sp/>by<sp/>two<sp/>methods<sp/>of<sp/>this<sp/>class</highlight><highlight class="normal"></highlight></codeline>
<codeline lineno="17"><highlight class="normal"><sp/><sp/><sp/><sp/><sp/><sp/><sp/><sp/><sp/><sp/><sp/><sp/>this._value_1<sp/>+=<sp/><ref refid="classcom_1_1calculator_1_1app_1_1method_1_1basic__operation_1af3ce776ee385bd7d9e3d535da648bfc1" kindref="member">multiplication</ref>(len,<sp/>i);</highlight></codeline>
<codeline lineno="18"><highlight class="normal"><sp/><sp/><sp/><sp/><sp/><sp/><sp/><sp/>}</highlight></codeline>
<codeline lineno="19"><highlight class="normal"><sp/><sp/><sp/><sp/><sp/><sp/><sp/><sp/></highlight><highlight class="keyword">new</highlight><highlight class="normal"><sp/><ref refid="classcom_1_1calculator_1_1app_1_1method_1_1printLog" kindref="compound">printLog</ref>().<ref refid="classcom_1_1calculator_1_1app_1_1method_1_1printLog_1aa58e31bae8b6ae8f19ac38fe947729ec" kindref="member">print</ref>(</highlight><highlight class="stringliteral">&quot;calculated<sp/>integral<sp/>is:<sp/>&quot;</highlight><highlight class="normal"><sp/>+<sp/>this._value_1);</highlight></codeline>
<codeline lineno="20"><highlight class="normal"><sp/><sp/><sp/><sp/><sp/><sp/><sp/><sp/></highlight><highlight class="keywordflow">return</highlight><highlight class="normal"><sp/>this.<ref refid="classcom_1_1calculator_1_1app_1_1method_1_1integral_1a602207748be31bb15b42e30a54efae70" kindref="member">_value_1</ref>;</highlight></codeline>
<codeline lineno="21"><highlight class="normal"><sp/><sp/><sp/><sp/>}</highlight></codeline>
<codeline lineno="22"><highlight class="normal"></highlight></codeline>
<codeline lineno="23" refid="classcom_1_1calculator_1_1app_1_1method_1_1integral_1a6c3e2fd07c478bdbb4b9bb98f3d7a477" refkind="member"><highlight class="normal"><sp/><sp/><sp/><sp/></highlight><highlight class="keyword">public</highlight><highlight class="normal"><sp/></highlight><highlight class="keywordtype">double</highlight><highlight class="normal"><sp/><ref refid="classcom_1_1calculator_1_1app_1_1method_1_1integral_1a6c3e2fd07c478bdbb4b9bb98f3d7a477" kindref="member">calculate_pow_x_n</ref>(</highlight><highlight class="keywordtype">double</highlight><highlight class="normal"><sp/>from,<sp/></highlight><highlight class="keywordtype">double</highlight><highlight class="normal"><sp/>to,<sp/></highlight><highlight class="keywordtype">int</highlight><highlight class="normal"><sp/>n)<sp/>{</highlight></codeline>
<codeline lineno="24"><highlight class="normal"><sp/><sp/><sp/><sp/><sp/><sp/><sp/><sp/>this._value_2<sp/>=<sp/>0;</highlight></codeline>
<codeline lineno="25"><highlight class="normal"><sp/><sp/><sp/><sp/><sp/><sp/><sp/><sp/></highlight><highlight class="keywordtype">double</highlight><highlight class="normal"><sp/>range<sp/>=<sp/>to<sp/>-<sp/>from;</highlight></codeline>
<codeline lineno="26"><highlight class="normal"><sp/><sp/><sp/><sp/><sp/><sp/><sp/><sp/></highlight><highlight class="keywordtype">double</highlight><highlight class="normal"><sp/>len<sp/>=<sp/>(range<sp/>/<sp/>n);</highlight></codeline>
<codeline lineno="27"><highlight class="normal"><sp/><sp/><sp/><sp/><sp/><sp/><sp/><sp/></highlight><highlight class="keywordflow">for</highlight><highlight class="normal"><sp/>(</highlight><highlight class="keywordtype">int</highlight><highlight class="normal"><sp/>i<sp/>=<sp/>0;<sp/>i<sp/>&lt;<sp/>n;<sp/>i++)<sp/>{</highlight></codeline>
<codeline lineno="28"><highlight class="normal"><sp/><sp/><sp/><sp/><sp/><sp/><sp/><sp/><sp/><sp/><sp/><sp/></highlight><highlight class="comment">//<sp/>pow<sp/>only<sp/>is<sp/>used<sp/>by<sp/>this<sp/>method<sp/>and<sp/>this<sp/>class<sp/>.<sp/>pow<sp/>is<sp/>a<sp/>candidate<sp/>for<sp/>pushing<sp/>it<sp/>down</highlight><highlight class="normal"></highlight></codeline>
<codeline lineno="29"><highlight class="normal"><sp/><sp/><sp/><sp/><sp/><sp/><sp/><sp/><sp/><sp/><sp/><sp/></highlight><highlight class="comment">//<sp/>method<sp/>multiplication<sp/>is<sp/>being<sp/>used<sp/>by<sp/>two<sp/>methods<sp/>of<sp/>this<sp/>class</highlight><highlight class="normal"></highlight></codeline>
<codeline lineno="30"><highlight class="normal"><sp/><sp/><sp/><sp/><sp/><sp/><sp/><sp/><sp/><sp/><sp/><sp/>this._value_2<sp/>+=<sp/><ref refid="classcom_1_1calculator_1_1app_1_1method_1_1basic__operation_1af3ce776ee385bd7d9e3d535da648bfc1" kindref="member">multiplication</ref>(len,<sp/><ref refid="classcom_1_1calculator_1_1app_1_1method_1_1basic__operation_1acdf692ee53e9b281be9dee0648f2c23f" kindref="member">pow</ref>(i,<sp/>2));</highlight></codeline>
<codeline lineno="31"><highlight class="normal"><sp/><sp/><sp/><sp/><sp/><sp/><sp/><sp/>}</highlight></codeline>
<codeline lineno="32"><highlight class="normal"><sp/><sp/><sp/><sp/><sp/><sp/><sp/><sp/></highlight><highlight class="keyword">new</highlight><highlight class="normal"><sp/><ref refid="classcom_1_1calculator_1_1app_1_1method_1_1printLog" kindref="compound">printLog</ref>().<ref refid="classcom_1_1calculator_1_1app_1_1method_1_1printLog_1aa58e31bae8b6ae8f19ac38fe947729ec" kindref="member">print</ref>(</highlight><highlight class="stringliteral">&quot;calculated<sp/>integral<sp/>is:<sp/>&quot;</highlight><highlight class="normal"><sp/>+<sp/>this._value_2);</highlight></codeline>
<codeline lineno="33"><highlight class="normal"><sp/><sp/><sp/><sp/><sp/><sp/><sp/><sp/></highlight><highlight class="keywordflow">return</highlight><highlight class="normal"><sp/>this.<ref refid="classcom_1_1calculator_1_1app_1_1method_1_1integral_1ad6d7889d47919f9f8d96f70d04b4a251" kindref="member">_value_2</ref>;</highlight></codeline>
<codeline lineno="34"><highlight class="normal"><sp/><sp/><sp/><sp/>}</highlight></codeline>
<codeline lineno="35" refid="classcom_1_1calculator_1_1app_1_1method_1_1integral_1ab0117e1d87b31eed214db20f0532f22c" refkind="member"><highlight class="normal"><sp/><sp/><sp/><sp/></highlight><highlight class="keyword">public</highlight><highlight class="normal"><sp/></highlight><highlight class="keywordtype">double</highlight><highlight class="normal"><sp/><ref refid="classcom_1_1calculator_1_1app_1_1method_1_1integral_1ab0117e1d87b31eed214db20f0532f22c" kindref="member">calculate_rectangle</ref>(</highlight><highlight class="keywordtype">int</highlight><highlight class="normal"><sp/>width,<sp/></highlight><highlight class="keywordtype">int</highlight><highlight class="normal"><sp/>height)</highlight></codeline>
<codeline lineno="36"><highlight class="normal"><sp/><sp/><sp/><sp/>{</highlight></codeline>
<codeline lineno="37"><highlight class="normal"><sp/><sp/><sp/><sp/><sp/><sp/><sp/><sp/>this._value_3<sp/>=<sp/>width*height;</highlight></codeline>
<codeline lineno="38"><highlight class="normal"><sp/><sp/><sp/><sp/><sp/><sp/><sp/><sp/></highlight><highlight class="keywordflow">return</highlight><highlight class="normal"><sp/>this.<ref refid="classcom_1_1calculator_1_1app_1_1method_1_1integral_1a0fa6cefb052cdabef44d043ea8badcf8" kindref="member">_value_3</ref>;</highlight></codeline>
<codeline lineno="39"><highlight class="normal"><sp/><sp/><sp/><sp/>}</highlight></codeline>
<codeline lineno="40"><highlight class="normal">}</highlight></codeline>
    </programlisting>
    <location file="src/com/calculator/app/method/integral.java"/>
  </compounddef>
</doxygen>
