<?xml version='1.0' encoding='UTF-8' standalone='no'?>
<doxygen xmlns:xsi="http://www.w3.org/2001/XMLSchema-instance" xsi:noNamespaceSchemaLocation="compound.xsd" version="1.9.1" xml:lang="en-US">
  <compounddef id="namespacecom_1_1calculator_1_1app_1_1display" kind="namespace" language="Java">
    <compoundname>com::calculator::app::display</compoundname>
    <innerclass refid="classcom_1_1calculator_1_1app_1_1display_1_1print__fail" prot="public">com::calculator::app::display::print_fail</innerclass>
    <innerclass refid="classcom_1_1calculator_1_1app_1_1display_1_1print__success" prot="public">com::calculator::app::display::print_success</innerclass>
    <innerclass refid="classcom_1_1calculator_1_1app_1_1display_1_1println" prot="public">com::calculator::app::display::println</innerclass>
    <briefdescription>
    </briefdescription>
    <detaileddescription>
    </detaileddescription>
    <location file="src/com/calculator/app/display/print_fail.java" line="1" column="15"/>
  </compounddef>
</doxygen>
