<?xml version='1.0' encoding='UTF-8' standalone='no'?>
<doxygen xmlns:xsi="http://www.w3.org/2001/XMLSchema-instance" xsi:noNamespaceSchemaLocation="compound.xsd" version="1.9.1" xml:lang="en-US">
  <compounddef id="namespacecom_1_1calculator_1_1app" kind="namespace" language="Java">
    <compoundname>com::calculator::app</compoundname>
    <innernamespace refid="namespacecom_1_1calculator_1_1app_1_1display">com::calculator::app::display</innernamespace>
    <innernamespace refid="namespacecom_1_1calculator_1_1app_1_1init">com::calculator::app::init</innernamespace>
    <innernamespace refid="namespacecom_1_1calculator_1_1app_1_1method">com::calculator::app::method</innernamespace>
    <briefdescription>
    </briefdescription>
    <detaileddescription>
    </detaileddescription>
    <location file="[generated]" line="1" column="1"/>
  </compounddef>
</doxygen>
