<?xml version='1.0' encoding='UTF-8' standalone='no'?>
<doxygen xmlns:xsi="http://www.w3.org/2001/XMLSchema-instance" xsi:noNamespaceSchemaLocation="compound.xsd" version="1.9.1" xml:lang="en-US">
  <compounddef id="namespacecom_1_1calculator" kind="namespace" language="Java">
    <compoundname>com::calculator</compoundname>
    <innernamespace refid="namespacecom_1_1calculator_1_1app">com::calculator::app</innernamespace>
    <briefdescription>
    </briefdescription>
    <detaileddescription>
    </detaileddescription>
    <location file="[generated]" line="1" column="1"/>
  </compounddef>
</doxygen>
