<?xml version='1.0' encoding='UTF-8' standalone='no'?>
<doxygen xmlns:xsi="http://www.w3.org/2001/XMLSchema-instance" xsi:noNamespaceSchemaLocation="compound.xsd" version="1.9.1" xml:lang="en-US">
  <compounddef id="namespacecom_1_1calculator_1_1app_1_1init" kind="namespace" language="Java">
    <compoundname>com::calculator::app::init</compoundname>
    <innerclass refid="classcom_1_1calculator_1_1app_1_1init_1_1Main" prot="public">com::calculator::app::init::Main</innerclass>
    <briefdescription>
    </briefdescription>
    <detaileddescription>
    </detaileddescription>
    <location file="src/com/calculator/app/init/Main.java" line="1" column="15"/>
  </compounddef>
</doxygen>
