<?xml version='1.0' encoding='UTF-8' standalone='no'?>
<doxygen xmlns:xsi="http://www.w3.org/2001/XMLSchema-instance" xsi:noNamespaceSchemaLocation="compound.xsd" version="1.9.1" xml:lang="en-US">
  <compounddef id="print__fail_8java" kind="file" language="Java">
    <compoundname>print_fail.java</compoundname>
    <innerclass refid="classcom_1_1calculator_1_1app_1_1display_1_1print__fail" prot="public">com::calculator::app::display::print_fail</innerclass>
    <innernamespace refid="namespacecom_1_1calculator_1_1app_1_1display">com::calculator::app::display</innernamespace>
    <briefdescription>
    </briefdescription>
    <detaileddescription>
    </detaileddescription>
    <programlisting>
<codeline lineno="1" refid="namespacecom_1_1calculator_1_1app_1_1display" refkind="compound"><highlight class="keyword">package<sp/></highlight><highlight class="normal">com.calculator.app.display;</highlight></codeline>
<codeline lineno="2"><highlight class="normal"></highlight></codeline>
<codeline lineno="3"><highlight class="normal"></highlight><highlight class="keyword">import</highlight><highlight class="normal"><sp/>java.lang.System;</highlight></codeline>
<codeline lineno="4"><highlight class="normal"></highlight></codeline>
<codeline lineno="5"><highlight class="normal"></highlight><highlight class="comment">//<sp/>this<sp/>class<sp/>is<sp/>a<sp/>candidate<sp/>for<sp/>inline-class<sp/>refactoring</highlight><highlight class="normal"></highlight></codeline>
<codeline lineno="6"><highlight class="normal"></highlight><highlight class="comment">//<sp/>because<sp/>they<sp/>have<sp/>not<sp/>too<sp/>much<sp/>responsibility<sp/>and<sp/>there<sp/>is<sp/>not<sp/>any<sp/>plan<sp/>to<sp/>add<sp/>new<sp/>responsibility</highlight><highlight class="normal"></highlight></codeline>
<codeline lineno="7"><highlight class="normal"></highlight></codeline>
<codeline lineno="8" refid="classcom_1_1calculator_1_1app_1_1display_1_1print__fail" refkind="compound"><highlight class="normal"></highlight><highlight class="keyword">public</highlight><highlight class="normal"><sp/></highlight><highlight class="keyword">class<sp/></highlight><highlight class="normal"><ref refid="classcom_1_1calculator_1_1app_1_1display_1_1print__fail" kindref="compound">print_fail</ref><sp/>{</highlight></codeline>
<codeline lineno="9" refid="classcom_1_1calculator_1_1app_1_1display_1_1print__fail_1a113eaf64d238627bca278b394ffaa4f4" refkind="member"><highlight class="normal"><sp/><sp/><sp/><sp/></highlight><highlight class="keyword">public</highlight><highlight class="normal"><sp/></highlight><highlight class="keywordtype">void</highlight><highlight class="normal"><sp/><ref refid="classcom_1_1calculator_1_1app_1_1display_1_1print__fail_1a113eaf64d238627bca278b394ffaa4f4" kindref="member">print_fail_message</ref>()<sp/>{</highlight></codeline>
<codeline lineno="10"><highlight class="normal"><sp/><sp/><sp/><sp/><sp/><sp/><sp/><sp/>System.out.println(</highlight><highlight class="stringliteral">&quot;operation<sp/>encountered<sp/>an<sp/>error&quot;</highlight><highlight class="normal">);</highlight></codeline>
<codeline lineno="11"><highlight class="normal"><sp/><sp/><sp/><sp/>}</highlight></codeline>
<codeline lineno="12"><highlight class="normal">}</highlight></codeline>
    </programlisting>
    <location file="src/com/calculator/app/display/print_fail.java"/>
  </compounddef>
</doxygen>
