{
    "Session": "default",
    "Sessions": {
        "default": {
            "SessionData": {
                "1_1280x1024": {
                    "AnalysisLog": {
                        "Dock Area": 8,
                        "Dock In Drawer Mode": false,
                        "Dock Is Floating": false,
                        "Dock Tab Group": [
                        ]
                    },
                    "DefinitionDockWindow": {
                        "Dock Area": 8,
                        "Dock In Drawer Mode": false,
                        "Dock Is Floating": false,
                        "Dock Tab Group": [
                        ]
                    },
                    "DockWidgets": {
                        "FloatingWidgetOrder": [
                        ],
                        "OpenWindows": {
                            "00InfoBrowserWidget_0": {
                                "height": 513,
                                "width": 267
                            },
                            "01ProjectOverviewWidget": {
                                "height": 560,
                                "width": 320
                            },
                            "02EntityFilter": {
                                "height": 532,
                                "width": 320
                            },
                            "03DefinitionDockWindow": {
                                "height": 272,
                                "width": 535
                            },
                            "04Selector": {
                                "height": 253,
                                "width": 341
                            },
                            "05ProjectMetricsWidget": {
                                "height": 272,
                                "width": 402
                            }
                        },
                        "TabGroupFrontWidgets": [
                            "EntityFilter"
                        ]
                    },
                    "EntityFilter": {
                        "Dock Area": 1,
                        "Dock In Drawer Mode": false,
                        "Dock Is Floating": false,
                        "Dock Tab Group": [
                            "ProjectOverviewWidget"
                        ]
                    },
                    "InfoBrowserWidget_0": {
                        "Dock Area": 2,
                        "Dock In Drawer Mode": false,
                        "Dock Is Floating": false,
                        "Dock Tab Group": [
                        ]
                    },
                    "ProjectMetricsWidget": {
                        "Dock Area": 8,
                        "Dock In Drawer Mode": false,
                        "Dock Is Floating": false,
                        "Dock Tab Group": [
                        ]
                    },
                    "ProjectOverviewWidget": {
                        "Dock Area": 1,
                        "Dock In Drawer Mode": false,
                        "Dock Is Floating": false,
                        "Dock Tab Group": [
                            "EntityFilter"
                        ]
                    },
                    "Selector": {
                        "Dock Area": 1,
                        "Dock In Drawer Mode": false,
                        "Dock Is Floating": false,
                        "Dock Tab Group": [
                        ]
                    }
                },
                "EntityFilter": {
                    "LastEntityFilterUsed": "Methods"
                },
                "GraphCustomizerTemporarySets": {
                    "50": {
                        "Butterfly": {
                            "Type=Entity ID=@lA_Star.A_Star.aStar@kj1A_Star.A_Star.aStarint,int,A_Star.A_Star.Graph,int[]@f.#SLASH#TheAlgorithms#SLASH#DataStructures#SLASH#Graphs#SLASH#A_Star.java": {
                                "50": {
                                    "CreatedOn": "2021-05-07",
                                    "FormatVersion": 1,
                                    "LastModifiedOn": "2021-05-07",
                                    "graphdisplay_center_x": 220,
                                    "graphdisplay_center_y": 811,
                                    "graphdisplay_zoom": 100,
                                    "graphwindow_reuse": false,
                                    "graphwindow_sync": true
                                },
                                "GraphRootName": "aStar"
                            }
                        }
                    },
                    "51": {
                        "Cluster_Control_Flow_Graph": {
                            "Type=Entity ID=@lA_Star.A_Star.aStar@kj1A_Star.A_Star.aStarint,int,A_Star.A_Star.Graph,int[]@f.#SLASH#TheAlgorithms#SLASH#DataStructures#SLASH#Graphs#SLASH#A_Star.java": {
                                "51": {
                                    "CreatedOn": "2021-05-07",
                                    "FormatVersion": 1,
                                    "HideUnhighlightedNodes": 0,
                                    "IdNodeOpts": {
                                        "@lA_Star.A_Star.aStar@kj1A_Star.A_Star.aStarint,int,A_Star.A_Star.Graph,int[]@f.#SLASH#TheAlgorithms#SLASH#DataStructures#SLASH#Graphs#SLASH#A_Star.java - 25": 1,
                                        "@lA_Star.A_Star.aStar@kj1A_Star.A_Star.aStarint,int,A_Star.A_Star.Graph,int[]@f.#SLASH#TheAlgorithms#SLASH#DataStructures#SLASH#Graphs#SLASH#A_Star.java - 26": 1,
                                        "@lA_Star.A_Star.aStar@kj1A_Star.A_Star.aStarint,int,A_Star.A_Star.Graph,int[]@f.#SLASH#TheAlgorithms#SLASH#DataStructures#SLASH#Graphs#SLASH#A_Star.java - 27": 1,
                                        "@lA_Star.A_Star.aStar@kj1A_Star.A_Star.aStarint,int,A_Star.A_Star.Graph,int[]@f.#SLASH#TheAlgorithms#SLASH#DataStructures#SLASH#Graphs#SLASH#A_Star.java - 28": 1,
                                        "@lA_Star.A_Star.aStar@kj1A_Star.A_Star.aStarint,int,A_Star.A_Star.Graph,int[]@f.#SLASH#TheAlgorithms#SLASH#DataStructures#SLASH#Graphs#SLASH#A_Star.java - 29": 1,
                                        "@lA_Star.A_Star.aStar@kj1A_Star.A_Star.aStarint,int,A_Star.A_Star.Graph,int[]@f.#SLASH#TheAlgorithms#SLASH#DataStructures#SLASH#Graphs#SLASH#A_Star.java - 30": 1,
                                        "@lA_Star.A_Star.aStar@kj1A_Star.A_Star.aStarint,int,A_Star.A_Star.Graph,int[]@f.#SLASH#TheAlgorithms#SLASH#DataStructures#SLASH#Graphs#SLASH#A_Star.java - 31": 1,
                                        "@lA_Star.A_Star.aStar@kj1A_Star.A_Star.aStarint,int,A_Star.A_Star.Graph,int[]@f.#SLASH#TheAlgorithms#SLASH#DataStructures#SLASH#Graphs#SLASH#A_Star.java - 32": 1
                                    },
                                    "LastModifiedOn": "2021-05-07",
                                    "customizer_splitter_state": "AAAA/wAAAAEAAAACAAAB3QAAAAAB/////wEAAAABAA==",
                                    "graphdisplay_center_x": 546,
                                    "graphdisplay_center_y": 30,
                                    "graphdisplay_zoom": 100,
                                    "graphwindow_reuse": false,
                                    "graphwindow_sync": true
                                },
                                "GraphRootName": "aStar"
                            }
                        }
                    },
                    "52": {
                        "uml_sequence_diagram": {
                            "Type=Entity ID=@lA_Star.A_Star.aStar@kj1A_Star.A_Star.aStarint,int,A_Star.A_Star.Graph,int[]@f.#SLASH#TheAlgorithms#SLASH#DataStructures#SLASH#Graphs#SLASH#A_Star.java": {
                                "52": {
                                    "CreatedOn": "2021-05-07",
                                    "EntNodeOpts": {
                                        "@lA_Star.A_Star.aStar@kj1A_Star.A_Star.aStarint,int,A_Star.A_Star.Graph,int[]@f.#SLASH#TheAlgorithms#SLASH#DataStructures#SLASH#Graphs#SLASH#A_Star.java": 256
                                    },
                                    "FormatVersion": 1,
                                    "LastModifiedOn": "2021-05-07",
                                    "customizer_splitter_state": "AAAA/wAAAAEAAAACAAAB3QAAAAAB/////wEAAAABAA==",
                                    "graphdisplay_center_x": 363,
                                    "graphdisplay_center_y": 1032,
                                    "graphdisplay_zoom": 100,
                                    "graphwindow_reuse": false,
                                    "graphwindow_sync": true
                                },
                                "GraphRootName": "aStar"
                            }
                        }
                    }
                },
                "GraphWindowList": [
                    "Graph:|:Unused:Butterfly:|:@lA_Star.A_Star.aStar@kj1A_Star.A_Star.aStarint,int,A_Star.A_Star.Graph,int[]@f./TheAlgorithms/DataStructures/Graphs/A_Star.java:|:50:|:Butterfly : aStar",
                    "Graph:|:Unused:UML Sequence Diagram:|:@lA_Star.A_Star.aStar@kj1A_Star.A_Star.aStarint,int,A_Star.A_Star.Graph,int[]@f./TheAlgorithms/DataStructures/Graphs/A_Star.java:|:52:|:UML Sequence Diagram : aStar",
                    "Graph:|:Unused:Control Flow:|:@lA_Star.A_Star.aStar@kj1A_Star.A_Star.aStarint,int,A_Star.A_Star.Graph,int[]@f./TheAlgorithms/DataStructures/Graphs/A_Star.java:|:51:|:Control Flow : aStar"
                ],
                "GraphicFilterSettings": {
                    "Enabled": false
                },
                "IBExpansions": {
                    "InfoBrowserWidget": [
                        "Ada References",
                        "COBOL References",
                        "WEB Possible References",
                        "basic Public Members",
                        "C++ References",
                        "basic References",
                        "Pascal References",
                        "c# Metrics",
                        "WEB References",
                        "Graphs",
                        "Python References",
                        "Asm References",
                        "Plm References",
                        "VHDL References",
                        "basic Members",
                        "Ftn References",
                        "basic Public Types",
                        "Java Metrics",
                        "c# References",
                        "basic Metrics",
                        "Jovial References"
                    ]
                },
                "IBOptions": {
                    "EmbeddedInfoBrowser": {
                        "C++ Called By": {
                        },
                        "C++ Calls": {
                        },
                        "C++ Defined In": {
                        },
                        "C++ Externals Used": {
                        },
                        "C++ File Global": {
                        },
                        "C++ File Global Functions": {
                        },
                        "C++ File Global Variables": {
                        },
                        "C++ File Local Constants": {
                        },
                        "C++ File Local Functions": {
                        },
                        "C++ File Local Macros": {
                        },
                        "C++ File Local Types": {
                        },
                        "C++ File Local Variables": {
                        },
                        "C++ File Member Variables": {
                        },
                        "C++ File Members": {
                        },
                        "C++ Fullname": {
                        },
                        "C++ Function Local Variables": {
                        },
                        "C++ Globals Used": {
                        },
                        "C++ Includes": {
                        },
                        "C++ Local": {
                        },
                        "C++ Macros Used": {
                        },
                        "C++ Metrics": {
                        },
                        "C++ Parameters": {
                        },
                        "C++ References": {
                        },
                        "C++ Return Type": {
                        },
                        "C++ Title": {
                        }
                    },
                    "InfoBrowserWidget": {
                        "": {
                        },
                        "Ada Calls": {
                        },
                        "Ada Fullname": {
                        },
                        "Ada Global": {
                        },
                        "Ada Global Packages": {
                        },
                        "Ada Local": {
                        },
                        "Ada Local Constants": {
                        },
                        "Ada Local Objects": {
                        },
                        "Ada Metrics": {
                        },
                        "Ada Parameters": {
                        },
                        "Ada Raises": {
                        },
                        "Ada References": {
                        },
                        "Ada Title": {
                        },
                        "Ada Uses": {
                        },
                        "Ada Withs": {
                        },
                        "Architectures": {
                        },
                        "C++ Assigned To": {
                        },
                        "C++ Assignments": {
                        },
                        "C++ Called By": {
                        },
                        "C++ Calls": {
                        },
                        "C++ Defined As": {
                        },
                        "C++ Defined In": {
                        },
                        "C++ Externals Used": {
                        },
                        "C++ File Global": {
                        },
                        "C++ File Global Functions": {
                        },
                        "C++ File Global Macros": {
                        },
                        "C++ File Global Types": {
                        },
                        "C++ File Global Variables": {
                        },
                        "C++ File Local Constants": {
                        },
                        "C++ File Local Function-Static Variables": {
                        },
                        "C++ File Local Functions": {
                        },
                        "C++ File Local Macros": {
                        },
                        "C++ File Local Types": {
                        },
                        "C++ File Member Functions": {
                        },
                        "C++ File Member Types": {
                        },
                        "C++ File Member Variables": {
                        },
                        "C++ File Members": {
                        },
                        "C++ Fullname": {
                        },
                        "C++ Function Local Constants": {
                        },
                        "C++ Function Local Variables": {
                        },
                        "C++ Globals Used": {
                        },
                        "C++ Includebys": {
                        },
                        "C++ Includes": {
                        },
                        "C++ Local": {
                        },
                        "C++ Local Defined In": {
                        },
                        "C++ Macros Used": {
                        },
                        "C++ Metrics": {
                        },
                        "C++ Overloads": {
                        },
                        "C++ Overridden By": {
                        },
                        "C++ Parameters": {
                        },
                        "C++ References": {
                        },
                        "C++ Return Type": {
                        },
                        "C++ Same Name": {
                        },
                        "C++ Title": {
                        },
                        "C++ Type": {
                        },
                        "C++ Value": {
                        },
                        "Ftn Fullname": {
                        },
                        "Ftn References": {
                        },
                        "Ftn Title": {
                        },
                        "Ftn Type": {
                        },
                        "Graphs": {
                        },
                        "Java Called By": {
                        },
                        "Java Calls": {
                        },
                        "Java Contains": {
                        },
                        "Java Couples": {
                        },
                        "Java Default": {
                        },
                        "Java Default Classes": {
                        },
                        "Java Default Methods": {
                        },
                        "Java Default Variables": {
                        },
                        "Java Defined In": {
                        },
                        "Java Extends": {
                        },
                        "Java Implements": {
                        },
                        "Java Imports": {
                        },
                        "Java Members": {
                        },
                        "Java Metrics": {
                        },
                        "Java Overridden By": {
                        },
                        "Java Overrides": {
                        },
                        "Java Package": {
                        },
                        "Java Parameters": {
                        },
                        "Java Parent": {
                        },
                        "Java Private": {
                        },
                        "Java Private Classes": {
                        },
                        "Java Private Methods": {
                        },
                        "Java Private Variables": {
                        },
                        "Java Public": {
                        },
                        "Java Public Classes": {
                        },
                        "Java Public Methods": {
                        },
                        "Java Public Variables": {
                        },
                        "Java References": {
                        },
                        "Java Return Type": {
                        },
                        "Java Same Name": {
                        },
                        "Java Subpackages": {
                        },
                        "Java Throws": {
                        },
                        "Java Title": {
                        },
                        "Java Type": {
                        },
                        "Java Variables": {
                        },
                        "Pascal Compilation Units": {
                        },
                        "Pascal Metrics": {
                        },
                        "Pascal Title": {
                        },
                        "Python Called By": {
                        },
                        "Python Calls": {
                        },
                        "Python Classes": {
                        },
                        "Python Defined In": {
                        },
                        "Python Fullname": {
                        },
                        "Python Functions": {
                        },
                        "Python Imported By": {
                        },
                        "Python Imports": {
                        },
                        "Python Metrics": {
                        },
                        "Python Parameters": {
                        },
                        "Python References": {
                        },
                        "Python Title": {
                        },
                        "Python Variables": {
                        },
                        "VHDL Architecture Units": {
                        },
                        "VHDL Called By": {
                        },
                        "VHDL Calls": {
                        },
                        "VHDL Declared In": {
                        },
                        "VHDL Entity Units": {
                        },
                        "VHDL Fullname": {
                        },
                        "VHDL Library": {
                        },
                        "VHDL Library Units": {
                        },
                        "VHDL Metrics": {
                        },
                        "VHDL Parameters": {
                        },
                        "VHDL References": {
                        },
                        "VHDL Title": {
                        },
                        "basic Called By": {
                        },
                        "basic Calls": {
                        },
                        "basic Defined In": {
                        },
                        "basic Fullname": {
                        },
                        "basic Members": {
                        },
                        "basic Method Parameters": {
                        },
                        "basic Method Variables": {
                        },
                        "basic Metrics": {
                        },
                        "basic Public Fields": {
                        },
                        "basic Public Members": {
                        },
                        "basic Public Methods": {
                        },
                        "basic Public Properties": {
                        },
                        "basic Public Types": {
                        },
                        "basic References": {
                        },
                        "basic Return Type": {
                        },
                        "basic Title": {
                        },
                        "c# Called By": {
                        },
                        "c# Calls": {
                        },
                        "c# Defined In": {
                        },
                        "c# Fullname": {
                        },
                        "c# Members": {
                        },
                        "c# Method Parameters": {
                        },
                        "c# Method Variables": {
                        },
                        "c# Metrics": {
                        },
                        "c# Public Members": {
                        },
                        "c# Public Methods": {
                        },
                        "c# Public Types": {
                        },
                        "c# References": {
                        },
                        "c# Return Type": {
                        },
                        "c# Title": {
                        }
                    }
                },
                "InfoBrowserWindowManager": {
                    "InfoBrowserFileSyncInst": -1,
                    "InfoBrowserSyncInst": [
                        "0"
                    ]
                },
                "LastAccessedPid": "27439",
                "LastDisplayGroup": "1_1280x1024",
                "MaintainEditorHistory": {
                    "FileRanges": {
                        "size": 0
                    },
                    "index": -1
                },
                "MiscSaveStates": {
                    "entitySelection": "Methods",
                    "ib": "entity:||:@lA_Star.A_Star.aStar@kj1A_Star.A_Star.aStarint,int,A_Star.A_Star.Graph,int[]@f./TheAlgorithms/DataStructures/Graphs/A_Star.java",
                    "metricsBrowser": true,
                    "metricsBrowserExpansionAddresses": "Directory Structure,Directory Structure::DataStructures,Directory Structure::DataStructures::Graphs,Directory Structure::DataStructures::Graphs::A_Star.java (File),Directory Structure::DataStructures::Graphs::A_Star.java (File)::A_Star (Public Class),Directory Structure::DataStructures::Graphs::A_Star.java (File)::A_Star (Public Class)::Edge (Private Static Class),Directory Structure::DataStructures::Graphs::A_Star.java (File)::A_Star (Public Class)::aStar (Public Static Method)",
                    "metricsBrowserSelectionAddress": "Directory Structure::DataStructures::Graphs::A_Star.java (File)::A_Star (Public Class)::aStar (Public Static Method)",
                    "metricsBrowserSplitterState": "AAAA/wAAAAEAAAACAAAAAAAAAYsB/////wEAAAABAA==",
                    "selection": "aStar"
                },
                "ProjectMetricsBrowser": {
                    "Overwrite": false,
                    "SaveDirectory": "."
                },
                "ProjectUI": {
                    "projectviewcuritem": "Conversions"
                },
                "SplitWorkspace1SelectedTab": "Graph:|:Unused:Butterfly:|:@lA_Star.A_Star.aStar@kj1A_Star.A_Star.aStarint,int,A_Star.A_Star.Graph,int[]@f./TheAlgorithms/DataStructures/Graphs/A_Star.java:|:50:|:Butterfly : aStar",
                "SplitWorkspace1Tabs": [
                    "Graph:|:Unused:Butterfly:|:@lA_Star.A_Star.aStar@kj1A_Star.A_Star.aStarint,int,A_Star.A_Star.Graph,int[]@f./TheAlgorithms/DataStructures/Graphs/A_Star.java:|:50:|:Butterfly : aStar",
                    "Graph:|:Unused:Control Flow:|:@lA_Star.A_Star.aStar@kj1A_Star.A_Star.aStarint,int,A_Star.A_Star.Graph,int[]@f./TheAlgorithms/DataStructures/Graphs/A_Star.java:|:51:|:Control Flow : aStar",
                    "Graph:|:Unused:UML Sequence Diagram:|:@lA_Star.A_Star.aStar@kj1A_Star.A_Star.aStarint,int,A_Star.A_Star.Graph,int[]@f./TheAlgorithms/DataStructures/Graphs/A_Star.java:|:52:|:UML Sequence Diagram : aStar"
                ],
                "SplittableWorkspace": {
                    "active workspace": 0,
                    "primary ws size": 670,
                    "split orientation": -1
                },
                "previewer": {
                    "anchor": {
                        "line": 144,
                        "offset": 32
                    },
                    "caret": {
                        "line": 144,
                        "offset": 37
                    },
                    "file": "./TheAlgorithms/DataStructures/Graphs/A_Star.java",
                    "hscroll": 0,
                    "prefer": false,
                    "sync": true,
                    "vscroll": 137
                }
            }
        }
    }
}
