<?xml version='1.0' encoding='UTF-8' standalone='no'?>
<section xmlns="http://docbook.org/ns/docbook" version="5.0" xmlns:xlink="http://www.w3.org/1999/xlink" xml:id="_annotated" xml:lang="en-US">
<title>Class List</title>
Here are the classes, structs, unions and interfaces with brief descriptions:<link linkend="_classcom_1_1calculator_1_1app_1_1display_1_1print__fail">print_fail</link><link linkend="_classcom_1_1calculator_1_1app_1_1display_1_1print__success">print_success</link><link linkend="_classcom_1_1calculator_1_1app_1_1display_1_1println">println</link><link linkend="_classcom_1_1calculator_1_1app_1_1init_1_1Main">Main</link><link linkend="_classcom_1_1calculator_1_1app_1_1method_1_1basic__operation">basic_operation</link><link linkend="_classcom_1_1calculator_1_1app_1_1method_1_1fibonacci">fibonacci</link><link linkend="_classcom_1_1calculator_1_1app_1_1method_1_1integral">integral</link><link linkend="_classcom_1_1calculator_1_1app_1_1method_1_1printLog">printLog</link></section>
