<?xml version='1.0' encoding='UTF-8' standalone='no'?>
<section xmlns="http://docbook.org/ns/docbook" version="5.0" xmlns:xlink="http://www.w3.org/1999/xlink" xml:id="_classcom_1_1calculator_1_1app_1_1method_1_1basic__operation" xml:lang="en-US">
<title>basic_operation</title>
<indexterm><primary>basic_operation</primary></indexterm>
Inheritance diagram for basic_operation:<para>
    <informalfigure>
        <mediaobject>
            <imageobject>
                <imagedata width="50%" align="center" valign="middle" scalefit="0" fileref="classcom_1_1calculator_1_1app_1_1method_1_1basic__operation__inherit__graph.png"></imagedata>
            </imageobject>
        </mediaobject>
    </informalfigure>
</para>
Collaboration diagram for basic_operation:<para>
    <informalfigure>
        <mediaobject>
            <imageobject>
                <imagedata width="50%" align="center" valign="middle" scalefit="0" fileref="classcom_1_1calculator_1_1app_1_1method_1_1basic__operation__coll__graph.png"></imagedata>
            </imageobject>
        </mediaobject>
    </informalfigure>
</para>
<simplesect>
    <title>Static Public Member Functions    </title>
        <itemizedlist>
            <listitem><para>static double <link linkend="_classcom_1_1calculator_1_1app_1_1method_1_1basic__operation_1a395856a9d93b0d0b22383fb69389dc70">multiplication</link> (double a, double b)</para>
</listitem>
            <listitem><para>static int <link linkend="_classcom_1_1calculator_1_1app_1_1method_1_1basic__operation_1af3ce776ee385bd7d9e3d535da648bfc1">multiplication</link> (int a, int b)</para>
</listitem>
            <listitem><para>static double <link linkend="_classcom_1_1calculator_1_1app_1_1method_1_1basic__operation_1acdf692ee53e9b281be9dee0648f2c23f">pow</link> (double a, double power)</para>
</listitem>
            <listitem><para>static double <link linkend="_classcom_1_1calculator_1_1app_1_1method_1_1basic__operation_1afea225f4238b0613ac56cbad6c842c92">sum</link> (double a, double b)</para>
</listitem>
            <listitem><para>static int <link linkend="_classcom_1_1calculator_1_1app_1_1method_1_1basic__operation_1afc222c1f39047907cdecc078942d7daa">sum</link> (int a, int b)</para>
</listitem>
        </itemizedlist>
</simplesect>
<section>
<title>Member Function Documentation</title>
<anchor xml:id="_classcom_1_1calculator_1_1app_1_1method_1_1basic__operation_1a395856a9d93b0d0b22383fb69389dc70"/>    <section>
    <title>multiplication()<computeroutput>[1/2]</computeroutput></title>
<indexterm><primary>multiplication</primary><secondary>basic_operation</secondary></indexterm>
<indexterm><primary>basic_operation</primary><secondary>multiplication</secondary></indexterm>
<para><computeroutput>static double multiplication (double a, double b)<computeroutput>[static]</computeroutput></computeroutput></para>    </section><anchor xml:id="_classcom_1_1calculator_1_1app_1_1method_1_1basic__operation_1af3ce776ee385bd7d9e3d535da648bfc1"/>    <section>
    <title>multiplication()<computeroutput>[2/2]</computeroutput></title>
<indexterm><primary>multiplication</primary><secondary>basic_operation</secondary></indexterm>
<indexterm><primary>basic_operation</primary><secondary>multiplication</secondary></indexterm>
<para><computeroutput>static int multiplication (int a, int b)<computeroutput>[static]</computeroutput></computeroutput></para>Here is the caller graph for this function:<para>
    <informalfigure>
        <mediaobject>
            <imageobject>
                <imagedata width="50%" align="center" valign="middle" scalefit="0" fileref="classcom_1_1calculator_1_1app_1_1method_1_1basic__operation_af3ce776ee385bd7d9e3d535da648bfc1_icgraph.png"></imagedata>
            </imageobject>
        </mediaobject>
    </informalfigure>
</para>
    </section><anchor xml:id="_classcom_1_1calculator_1_1app_1_1method_1_1basic__operation_1acdf692ee53e9b281be9dee0648f2c23f"/>    <section>
    <title>pow()</title>
<indexterm><primary>pow</primary><secondary>basic_operation</secondary></indexterm>
<indexterm><primary>basic_operation</primary><secondary>pow</secondary></indexterm>
<para><computeroutput>static double pow (double a, double power)<computeroutput>[static]</computeroutput></computeroutput></para>Here is the caller graph for this function:<para>
    <informalfigure>
        <mediaobject>
            <imageobject>
                <imagedata width="50%" align="center" valign="middle" scalefit="0" fileref="classcom_1_1calculator_1_1app_1_1method_1_1basic__operation_acdf692ee53e9b281be9dee0648f2c23f_icgraph.png"></imagedata>
            </imageobject>
        </mediaobject>
    </informalfigure>
</para>
    </section><anchor xml:id="_classcom_1_1calculator_1_1app_1_1method_1_1basic__operation_1afea225f4238b0613ac56cbad6c842c92"/>    <section>
    <title>sum()<computeroutput>[1/2]</computeroutput></title>
<indexterm><primary>sum</primary><secondary>basic_operation</secondary></indexterm>
<indexterm><primary>basic_operation</primary><secondary>sum</secondary></indexterm>
<para><computeroutput>static double sum (double a, double b)<computeroutput>[static]</computeroutput></computeroutput></para>    </section><anchor xml:id="_classcom_1_1calculator_1_1app_1_1method_1_1basic__operation_1afc222c1f39047907cdecc078942d7daa"/>    <section>
    <title>sum()<computeroutput>[2/2]</computeroutput></title>
<indexterm><primary>sum</primary><secondary>basic_operation</secondary></indexterm>
<indexterm><primary>basic_operation</primary><secondary>sum</secondary></indexterm>
<para><computeroutput>static int sum (int a, int b)<computeroutput>[static]</computeroutput></computeroutput></para>Here is the caller graph for this function:<para>
    <informalfigure>
        <mediaobject>
            <imageobject>
                <imagedata width="50%" align="center" valign="middle" scalefit="0" fileref="classcom_1_1calculator_1_1app_1_1method_1_1basic__operation_afc222c1f39047907cdecc078942d7daa_icgraph.png"></imagedata>
            </imageobject>
        </mediaobject>
    </informalfigure>
</para>
</section>
<para>
The documentation for this class was generated from the following file:</para>
src/com/calculator/app/method/<link linkend="_basic__operation_8java">basic_operation.java</link></section>
</section>
