<?xml version='1.0' encoding='UTF-8' standalone='no'?>
<section xmlns="http://docbook.org/ns/docbook" version="5.0" xmlns:xlink="http://www.w3.org/1999/xlink" xml:id="_classcom_1_1calculator_1_1app_1_1init_1_1Main" xml:lang="en-US">
<title>Main</title>
<indexterm><primary>Main</primary></indexterm>
Collaboration diagram for Main:<para>
    <informalfigure>
        <mediaobject>
            <imageobject>
                <imagedata width="50%" align="center" valign="middle" scalefit="0" fileref="classcom_1_1calculator_1_1app_1_1init_1_1Main__coll__graph.png"></imagedata>
            </imageobject>
        </mediaobject>
    </informalfigure>
</para>
<simplesect>
    <title>Static Public Member Functions    </title>
        <itemizedlist>
            <listitem><para>static void <link linkend="_classcom_1_1calculator_1_1app_1_1init_1_1Main_1a8b260eecbaabcef8473fd87ada040682">main</link> (String[] args)</para>
</listitem>
        </itemizedlist>
</simplesect>
<section>
<title>Member Function Documentation</title>
<anchor xml:id="_classcom_1_1calculator_1_1app_1_1init_1_1Main_1a8b260eecbaabcef8473fd87ada040682"/>    <section>
    <title>main()</title>
<indexterm><primary>main</primary><secondary>Main</secondary></indexterm>
<indexterm><primary>Main</primary><secondary>main</secondary></indexterm>
<para><computeroutput>static void main (String[] args)<computeroutput>[static]</computeroutput></computeroutput></para>Here is the call graph for this function:<para>
    <informalfigure>
        <mediaobject>
            <imageobject>
                <imagedata width="50%" align="center" valign="middle" scalefit="0" fileref="classcom_1_1calculator_1_1app_1_1init_1_1Main_a8b260eecbaabcef8473fd87ada040682_cgraph.png"></imagedata>
            </imageobject>
        </mediaobject>
    </informalfigure>
</para>
</section>
<para>
The documentation for this class was generated from the following file:</para>
src/com/calculator/app/init/<link linkend="_Main_8java">Main.java</link></section>
</section>
