<?xml version='1.0' encoding='UTF-8' standalone='no'?>
<section xmlns="http://docbook.org/ns/docbook" version="5.0" xmlns:xlink="http://www.w3.org/1999/xlink" xml:id="_classcom_1_1calculator_1_1app_1_1display_1_1println" xml:lang="en-US">
<title>println</title>
<indexterm><primary>println</primary></indexterm>
Inheritance diagram for println:<para>
    <informalfigure>
        <mediaobject>
            <imageobject>
                <imagedata width="50%" align="center" valign="middle" scalefit="0" fileref="classcom_1_1calculator_1_1app_1_1display_1_1println__inherit__graph.png"></imagedata>
            </imageobject>
        </mediaobject>
    </informalfigure>
</para>
Collaboration diagram for println:<para>
    <informalfigure>
        <mediaobject>
            <imageobject>
                <imagedata width="50%" align="center" valign="middle" scalefit="0" fileref="classcom_1_1calculator_1_1app_1_1display_1_1println__coll__graph.png"></imagedata>
            </imageobject>
        </mediaobject>
    </informalfigure>
</para>
<simplesect>
    <title>Public Member Functions    </title>
        <itemizedlist>
            <listitem><para>void <link linkend="_classcom_1_1calculator_1_1app_1_1display_1_1println_1a3345db19155704d888b2fa4611979567">print</link> (String tag, String text)</para>
</listitem>
            <listitem><para>void <link linkend="_classcom_1_1calculator_1_1app_1_1display_1_1println_1aa58e31bae8b6ae8f19ac38fe947729ec">print</link> (String text)</para>
</listitem>
            <listitem><para>void <link linkend="_classcom_1_1calculator_1_1app_1_1display_1_1println_1a793e2184d3289950f1e148a23d1c658a">print_fail</link> ()</para>
</listitem>
            <listitem><para>void <link linkend="_classcom_1_1calculator_1_1app_1_1display_1_1println_1a0d34406ad5d7127fd4d376ed66f3e27b">print_success</link> ()</para>
</listitem>
        </itemizedlist>
</simplesect>
<section>
<title>Member Function Documentation</title>
<anchor xml:id="_classcom_1_1calculator_1_1app_1_1display_1_1println_1a3345db19155704d888b2fa4611979567"/>    <section>
    <title>print()<computeroutput>[1/2]</computeroutput></title>
<indexterm><primary>print</primary><secondary>println</secondary></indexterm>
<indexterm><primary>println</primary><secondary>print</secondary></indexterm>
<para><computeroutput>void print (String tag, String text)</computeroutput></para>    </section><anchor xml:id="_classcom_1_1calculator_1_1app_1_1display_1_1println_1aa58e31bae8b6ae8f19ac38fe947729ec"/>    <section>
    <title>print()<computeroutput>[2/2]</computeroutput></title>
<indexterm><primary>print</primary><secondary>println</secondary></indexterm>
<indexterm><primary>println</primary><secondary>print</secondary></indexterm>
<para><computeroutput>void print (String text)</computeroutput></para><para>
Reimplemented in <link linkend="_classcom_1_1calculator_1_1app_1_1method_1_1printLog_1aa58e31bae8b6ae8f19ac38fe947729ec">printLog</link>.</para>
Here is the caller graph for this function:<para>
    <informalfigure>
        <mediaobject>
            <imageobject>
                <imagedata width="50%" align="center" valign="middle" scalefit="0" fileref="classcom_1_1calculator_1_1app_1_1display_1_1println_aa58e31bae8b6ae8f19ac38fe947729ec_icgraph.png"></imagedata>
            </imageobject>
        </mediaobject>
    </informalfigure>
</para>
    </section><anchor xml:id="_classcom_1_1calculator_1_1app_1_1display_1_1println_1a793e2184d3289950f1e148a23d1c658a"/>    <section>
    <title>print_fail()</title>
<indexterm><primary>print_fail</primary><secondary>println</secondary></indexterm>
<indexterm><primary>println</primary><secondary>print_fail</secondary></indexterm>
<para><computeroutput>void <link linkend="_classcom_1_1calculator_1_1app_1_1display_1_1print__fail">print_fail</link> ( )</computeroutput></para>Here is the call graph for this function:<para>
    <informalfigure>
        <mediaobject>
            <imageobject>
                <imagedata width="50%" align="center" valign="middle" scalefit="0" fileref="classcom_1_1calculator_1_1app_1_1display_1_1println_a793e2184d3289950f1e148a23d1c658a_cgraph.png"></imagedata>
            </imageobject>
        </mediaobject>
    </informalfigure>
</para>
    </section><anchor xml:id="_classcom_1_1calculator_1_1app_1_1display_1_1println_1a0d34406ad5d7127fd4d376ed66f3e27b"/>    <section>
    <title>print_success()</title>
<indexterm><primary>print_success</primary><secondary>println</secondary></indexterm>
<indexterm><primary>println</primary><secondary>print_success</secondary></indexterm>
<para><computeroutput>void <link linkend="_classcom_1_1calculator_1_1app_1_1display_1_1print__success">print_success</link> ( )</computeroutput></para>Here is the call graph for this function:<para>
    <informalfigure>
        <mediaobject>
            <imageobject>
                <imagedata width="50%" align="center" valign="middle" scalefit="0" fileref="classcom_1_1calculator_1_1app_1_1display_1_1println_a0d34406ad5d7127fd4d376ed66f3e27b_cgraph.png"></imagedata>
            </imageobject>
        </mediaobject>
    </informalfigure>
</para>
Here is the caller graph for this function:<para>
    <informalfigure>
        <mediaobject>
            <imageobject>
                <imagedata width="50%" align="center" valign="middle" scalefit="0" fileref="classcom_1_1calculator_1_1app_1_1display_1_1println_a0d34406ad5d7127fd4d376ed66f3e27b_icgraph.png"></imagedata>
            </imageobject>
        </mediaobject>
    </informalfigure>
</para>
</section>
<para>
The documentation for this class was generated from the following file:</para>
src/com/calculator/app/display/<link linkend="_println_8java">println.java</link></section>
</section>
