<?xml version='1.0' encoding='UTF-8' standalone='no'?>
<section xmlns="http://docbook.org/ns/docbook" version="5.0" xmlns:xlink="http://www.w3.org/1999/xlink" xml:id="_classcom_1_1calculator_1_1app_1_1method_1_1printLog" xml:lang="en-US">
<title>printLog</title>
<indexterm><primary>printLog</primary></indexterm>
Inheritance diagram for printLog:<para>
    <informalfigure>
        <mediaobject>
            <imageobject>
                <imagedata width="50%" align="center" valign="middle" scalefit="0" fileref="classcom_1_1calculator_1_1app_1_1method_1_1printLog__inherit__graph.png"></imagedata>
            </imageobject>
        </mediaobject>
    </informalfigure>
</para>
Collaboration diagram for printLog:<para>
    <informalfigure>
        <mediaobject>
            <imageobject>
                <imagedata width="50%" align="center" valign="middle" scalefit="0" fileref="classcom_1_1calculator_1_1app_1_1method_1_1printLog__coll__graph.png"></imagedata>
            </imageobject>
        </mediaobject>
    </informalfigure>
</para>
<simplesect>
    <title>Public Member Functions    </title>
        <itemizedlist>
            <listitem><para>void <link linkend="_classcom_1_1calculator_1_1app_1_1method_1_1printLog_1aa58e31bae8b6ae8f19ac38fe947729ec">print</link> (String text)</para>
</listitem>
        </itemizedlist>
</simplesect>
<section>
<title>Member Function Documentation</title>
<anchor xml:id="_classcom_1_1calculator_1_1app_1_1method_1_1printLog_1aa58e31bae8b6ae8f19ac38fe947729ec"/>    <section>
    <title>print()</title>
<indexterm><primary>print</primary><secondary>printLog</secondary></indexterm>
<indexterm><primary>printLog</primary><secondary>print</secondary></indexterm>
<para><computeroutput>void print (String text)</computeroutput></para><para>
Reimplemented from <link linkend="_classcom_1_1calculator_1_1app_1_1display_1_1println_1aa58e31bae8b6ae8f19ac38fe947729ec">println</link>.</para>
Here is the caller graph for this function:<para>
    <informalfigure>
        <mediaobject>
            <imageobject>
                <imagedata width="50%" align="center" valign="middle" scalefit="0" fileref="classcom_1_1calculator_1_1app_1_1method_1_1printLog_aa58e31bae8b6ae8f19ac38fe947729ec_icgraph.png"></imagedata>
            </imageobject>
        </mediaobject>
    </informalfigure>
</para>
</section>
<para>
The documentation for this class was generated from the following file:</para>
src/com/calculator/app/method/<link linkend="_printLog_8java">printLog.java</link></section>
</section>
