<?xml version='1.0' encoding='UTF-8' standalone='no'?>
<section xmlns="http://docbook.org/ns/docbook" version="5.0" xmlns:xlink="http://www.w3.org/1999/xlink" xml:id="_dir_5f9f30d26b27555ed7daa49a7e1e17d0" xml:lang="en-US">
<title>src/com/calculator/app/init Directory Reference</title>
<indexterm><primary>src/com/calculator/app/init Directory Reference</primary></indexterm>
<simplesect>
    <title>Files    </title>
        <itemizedlist>
            <listitem><para>file <link linkend="_Main_8java">Main.java</link></para>
</listitem>
        </itemizedlist>
</simplesect>
</section>
