<?xml version='1.0' encoding='UTF-8' standalone='no'?>
<section xmlns="http://docbook.org/ns/docbook" version="5.0" xmlns:xlink="http://www.w3.org/1999/xlink" xml:id="_dir_86c8e8b8bf2e024266b440c11448159f" xml:lang="en-US">
<title>src/com/calculator/app/display Directory Reference</title>
<indexterm><primary>src/com/calculator/app/display Directory Reference</primary></indexterm>
<simplesect>
    <title>Files    </title>
        <itemizedlist>
            <listitem><para>file <link linkend="_print__fail_8java">print_fail.java</link></para>
</listitem>
            <listitem><para>file <link linkend="_print__success_8java">print_success.java</link></para>
</listitem>
            <listitem><para>file <link linkend="_println_8java">println.java</link></para>
</listitem>
        </itemizedlist>
</simplesect>
</section>
