<?xml version='1.0' encoding='UTF-8' standalone='no'?>
<section xmlns="http://docbook.org/ns/docbook" version="5.0" xmlns:xlink="http://www.w3.org/1999/xlink" xml:id="_dir_be8b79969ad70a950adeaaa5f61d3125" xml:lang="en-US">
<title>src/com/calculator/app/method Directory Reference</title>
<indexterm><primary>src/com/calculator/app/method Directory Reference</primary></indexterm>
<simplesect>
    <title>Files    </title>
        <itemizedlist>
            <listitem><para>file <link linkend="_basic__operation_8java">basic_operation.java</link></para>
</listitem>
            <listitem><para>file <link linkend="_fibonacci_8java">fibonacci.java</link></para>
</listitem>
            <listitem><para>file <link linkend="_integral_8java">integral.java</link></para>
</listitem>
            <listitem><para>file <link linkend="_printLog_8java">printLog.java</link></para>
</listitem>
        </itemizedlist>
</simplesect>
</section>
