<?xml version='1.0' encoding='UTF-8' standalone='no'?>
<section xmlns="http://docbook.org/ns/docbook" version="5.0" xmlns:xlink="http://www.w3.org/1999/xlink" xml:id="_dir_541eb0a6c58a7690acc5b848a4b1b724" xml:lang="en-US">
<title>src/com Directory Reference</title>
<indexterm><primary>src/com Directory Reference</primary></indexterm>
<simplesect>
    <title>Directories    </title>
        <itemizedlist>
            <listitem><para>directory <link linkend="_dir_87ced8f5d6973e01667a9720c253836b">calculator</link></para>
</listitem>
        </itemizedlist>
</simplesect>
</section>
