<?xml version='1.0' encoding='UTF-8' standalone='no'?>
<section xmlns="http://docbook.org/ns/docbook" version="5.0" xmlns:xlink="http://www.w3.org/1999/xlink" xml:id="_dir_eeefc820aeaab18d142c28c60889aa38" xml:lang="en-US">
<title>src/com/calculator/app Directory Reference</title>
<indexterm><primary>src/com/calculator/app Directory Reference</primary></indexterm>
<simplesect>
    <title>Directories    </title>
        <itemizedlist>
            <listitem><para>directory <link linkend="_dir_86c8e8b8bf2e024266b440c11448159f">display</link></para>
</listitem>
            <listitem><para>directory <link linkend="_dir_5f9f30d26b27555ed7daa49a7e1e17d0">init</link></para>
</listitem>
            <listitem><para>directory <link linkend="_dir_be8b79969ad70a950adeaaa5f61d3125">method</link></para>
</listitem>
        </itemizedlist>
</simplesect>
</section>
