<?xml version='1.0' encoding='UTF-8' standalone='no'?>
<section xmlns="http://docbook.org/ns/docbook" version="5.0" xmlns:xlink="http://www.w3.org/1999/xlink" xml:id="_dir_87ced8f5d6973e01667a9720c253836b" xml:lang="en-US">
<title>src/com/calculator Directory Reference</title>
<indexterm><primary>src/com/calculator Directory Reference</primary></indexterm>
<simplesect>
    <title>Directories    </title>
        <itemizedlist>
            <listitem><para>directory <link linkend="_dir_eeefc820aeaab18d142c28c60889aa38">app</link></para>
</listitem>
        </itemizedlist>
</simplesect>
</section>
