<?xml version='1.0' encoding='UTF-8' standalone='no'?>
<section xmlns="http://docbook.org/ns/docbook" version="5.0" xmlns:xlink="http://www.w3.org/1999/xlink" xml:id="_dir_68267d1309a1af8e8297ef4c3efbcdba" xml:lang="en-US">
<title>src Directory Reference</title>
<indexterm><primary>src Directory Reference</primary></indexterm>
<simplesect>
    <title>Directories    </title>
        <itemizedlist>
            <listitem><para>directory <link linkend="_dir_541eb0a6c58a7690acc5b848a4b1b724">com</link></para>
</listitem>
        </itemizedlist>
</simplesect>
</section>
