<?xml version='1.0' encoding='UTF-8' standalone='no'?>
<book xmlns="http://docbook.org/ns/docbook" version="5.0" xmlns:xlink="http://www.w3.org/1999/xlink" xml:id="_index" xml:lang="en-US">
    <info>
    <title>My Project</title>
    </info>
<chapter>
    <title>Namespace Documentation</title>
<xi:include href="namespacecom_1_1calculator_1_1app_1_1display.xml" xmlns:xi="http://www.w3.org/2001/XInclude"/>
<xi:include href="namespacecom_1_1calculator_1_1app_1_1init.xml" xmlns:xi="http://www.w3.org/2001/XInclude"/>
<xi:include href="namespacecom_1_1calculator_1_1app_1_1method.xml" xmlns:xi="http://www.w3.org/2001/XInclude"/>
</chapter>
<chapter>
    <title>Class Documentation</title>
    <xi:include href="classcom_1_1calculator_1_1app_1_1display_1_1print__fail.xml" xmlns:xi="http://www.w3.org/2001/XInclude"/>
    <xi:include href="classcom_1_1calculator_1_1app_1_1display_1_1print__success.xml" xmlns:xi="http://www.w3.org/2001/XInclude"/>
    <xi:include href="classcom_1_1calculator_1_1app_1_1display_1_1println.xml" xmlns:xi="http://www.w3.org/2001/XInclude"/>
    <xi:include href="classcom_1_1calculator_1_1app_1_1init_1_1Main.xml" xmlns:xi="http://www.w3.org/2001/XInclude"/>
    <xi:include href="classcom_1_1calculator_1_1app_1_1method_1_1basic__operation.xml" xmlns:xi="http://www.w3.org/2001/XInclude"/>
    <xi:include href="classcom_1_1calculator_1_1app_1_1method_1_1fibonacci.xml" xmlns:xi="http://www.w3.org/2001/XInclude"/>
    <xi:include href="classcom_1_1calculator_1_1app_1_1method_1_1integral.xml" xmlns:xi="http://www.w3.org/2001/XInclude"/>
    <xi:include href="classcom_1_1calculator_1_1app_1_1method_1_1printLog.xml" xmlns:xi="http://www.w3.org/2001/XInclude"/>
</chapter>
<chapter>
    <title>File Documentation</title>
    <xi:include href="print__fail_8java.xml" xmlns:xi="http://www.w3.org/2001/XInclude"/>
    <xi:include href="print__success_8java.xml" xmlns:xi="http://www.w3.org/2001/XInclude"/>
    <xi:include href="println_8java.xml" xmlns:xi="http://www.w3.org/2001/XInclude"/>
    <xi:include href="Main_8java.xml" xmlns:xi="http://www.w3.org/2001/XInclude"/>
    <xi:include href="basic__operation_8java.xml" xmlns:xi="http://www.w3.org/2001/XInclude"/>
    <xi:include href="fibonacci_8java.xml" xmlns:xi="http://www.w3.org/2001/XInclude"/>
    <xi:include href="integral_8java.xml" xmlns:xi="http://www.w3.org/2001/XInclude"/>
    <xi:include href="printLog_8java.xml" xmlns:xi="http://www.w3.org/2001/XInclude"/>
</chapter>
<index/>
</book>
