<?xml version='1.0' encoding='UTF-8' standalone='no'?>
<section xmlns="http://docbook.org/ns/docbook" version="5.0" xmlns:xlink="http://www.w3.org/1999/xlink" xml:id="_namespacecom_1_1calculator_1_1app_1_1display" xml:lang="en-US">
<title>Package com.calculator.app.display</title>
<indexterm><primary>com.calculator.app.display</primary></indexterm>
<simplesect>
    <title>Classes    </title>
        <itemizedlist>
            <listitem><para>class <link linkend="_classcom_1_1calculator_1_1app_1_1display_1_1print__fail">print_fail</link></para>
</listitem>
            <listitem><para>class <link linkend="_classcom_1_1calculator_1_1app_1_1display_1_1print__success">print_success</link></para>
</listitem>
            <listitem><para>class <link linkend="_classcom_1_1calculator_1_1app_1_1display_1_1println">println</link></para>
</listitem>
        </itemizedlist>
</simplesect>
</section>
