<?xml version='1.0' encoding='UTF-8' standalone='no'?>
<section xmlns="http://docbook.org/ns/docbook" version="5.0" xmlns:xlink="http://www.w3.org/1999/xlink" xml:id="_namespacecom_1_1calculator_1_1app_1_1method" xml:lang="en-US">
<title>Package com.calculator.app.method</title>
<indexterm><primary>com.calculator.app.method</primary></indexterm>
<simplesect>
    <title>Classes    </title>
        <itemizedlist>
            <listitem><para>class <link linkend="_classcom_1_1calculator_1_1app_1_1method_1_1basic__operation">basic_operation</link></para>
</listitem>
            <listitem><para>class <link linkend="_classcom_1_1calculator_1_1app_1_1method_1_1fibonacci">fibonacci</link></para>
</listitem>
            <listitem><para>class <link linkend="_classcom_1_1calculator_1_1app_1_1method_1_1integral">integral</link></para>
</listitem>
            <listitem><para>class <link linkend="_classcom_1_1calculator_1_1app_1_1method_1_1printLog">printLog</link></para>
</listitem>
        </itemizedlist>
</simplesect>
</section>
