<?xml version='1.0' encoding='UTF-8' standalone='no'?>
<section xmlns="http://docbook.org/ns/docbook" version="5.0" xmlns:xlink="http://www.w3.org/1999/xlink" xml:id="_namespacecom_1_1calculator_1_1app_1_1init" xml:lang="en-US">
<title>Package com.calculator.app.init</title>
<indexterm><primary>com.calculator.app.init</primary></indexterm>
<simplesect>
    <title>Classes    </title>
        <itemizedlist>
            <listitem><para>class <link linkend="_classcom_1_1calculator_1_1app_1_1init_1_1Main">Main</link></para>
</listitem>
        </itemizedlist>
</simplesect>
</section>
