<?xml version='1.0' encoding='UTF-8' standalone='no'?>
<section xmlns="http://docbook.org/ns/docbook" version="5.0" xmlns:xlink="http://www.w3.org/1999/xlink" xml:id="_printLog_8java" xml:lang="en-US">
<title>src/com/calculator/app/method/printLog.java File Reference</title>
<indexterm><primary>src/com/calculator/app/method/printLog.java</primary></indexterm>
<simplesect>
    <title>Classes    </title>
        <itemizedlist>
            <listitem><para>class <link linkend="_classcom_1_1calculator_1_1app_1_1method_1_1printLog">printLog</link></para>
</listitem>
        </itemizedlist>
</simplesect>
<simplesect>
    <title>Packages    </title>
        <itemizedlist>
            <listitem><para>package <link linkend="_namespacecom_1_1calculator_1_1app_1_1method">com.calculator.app.method</link></para>
</listitem>
        </itemizedlist>
</simplesect>
</section>
