<?xml version='1.0' encoding='UTF-8' standalone='no'?>
<section xmlns="http://docbook.org/ns/docbook" version="5.0" xmlns:xlink="http://www.w3.org/1999/xlink" xml:id="_print__success_8java" xml:lang="en-US">
<title>src/com/calculator/app/display/print_success.java File Reference</title>
<indexterm><primary>src/com/calculator/app/display/print_success.java</primary></indexterm>
<simplesect>
    <title>Classes    </title>
        <itemizedlist>
            <listitem><para>class <link linkend="_classcom_1_1calculator_1_1app_1_1display_1_1print__success">print_success</link></para>
</listitem>
        </itemizedlist>
</simplesect>
<simplesect>
    <title>Packages    </title>
        <itemizedlist>
            <listitem><para>package <link linkend="_namespacecom_1_1calculator_1_1app_1_1display">com.calculator.app.display</link></para>
</listitem>
        </itemizedlist>
</simplesect>
</section>
