<?xml version="1.0" encoding="UTF-8"?>
<?eclipse version="3.0"?>
<plugin
   id="biz.ganttproject.impex.msproject2"
   name="MS Project import/export"
   version="2.5"
   provider-name="">

   <runtime>
      <library name="org.bardsoftware.eclipsito.packedjar://biz.ganttproject.impex.msproject2.WebStartIDClass/ganttproject-msproject2.jar">
         <export name="*"/>
      </library>
      <library name="org.bardsoftware.eclipsito.packedjar://org.ganttproject.impex.msproject.WebStartIDClass/lib/poi-3.6-20091214.jar">
         <export name="*"/>
      </library>
      <library name="org.bardsoftware.eclipsito.packedjar://org.ganttproject.impex.msproject.WebStartIDClass/lib/mpxj.jar">
         <export name="*"/>
      </library>
   </runtime>
   <requires>
      <import plugin="net.sourceforge.ganttproject"/>
      <import plugin="org.eclipse.core.runtime" version="3.4.0"/>
   </requires>

   <extension point="net.sourceforge.ganttproject.exporter">
         <exporter class="biz.ganttproject.impex.msproject2.ExporterToMsProjectFile"/>
   </extension>

   <extension
         point="net.sourceforge.ganttproject.importer">
         <importer class="biz.ganttproject.impex.msproject2.ImporterFromMsProjectFile"/>
   </extension>

</plugin>
